v_StimMismatch,v_StimMatchNT,v_StimMatchST,v_StimMatchDT,B,t0,A
-1.062634562,0.09871801,-0.245366716,-1.19910137,0.162106072,-1.374884003,0.129086713
-0.05185135,0.813627308,0.226184381,0.653313984,-0.492928608,-1.027646341,0.427296863
-1.494000999,0.993383763,-0.19704989,0.630997955,-2.838554528,0.869780235,-0.043085721
0.763449866,2.257882209,1.708198601,0.301869986,1.09805778,-1.523959637,-0.793553859
0.940946812,-0.726685668,0.092275798,-0.620310369,-0.769226471,0.980206383,0.100926371
1.221205348,1.023756564,0.459075098,0.451165196,1.75920256,-0.581692506,2.270698491
-0.264072285,0.218346278,-2.105551648,-1.492829174,-0.587811948,0.308921606,1.248275761
1.226538578,1.352557159,0.217428867,-0.230121237,-1.673945419,2.228104203,-0.478655621
0.578688819,1.702424214,-1.903400894,-1.301475392,0.566169056,0.603015688,-0.200360075
-0.923995124,0.240461888,0.936474533,0.217529604,0.604849024,-1.054655274,-0.855042234
1.005873508,0.618410519,0.027673432,-1.675545071,0.19330115,1.46224018,0.654808961
-1.138107781,0.100995872,0.340709008,-1.345051918,0.902319596,-0.401877521,0.837121913
-1.202347949,-2.298986647,-1.088475964,0.484437064,-0.804170805,-1.22022869,-0.33653203
0.099372747,2.827998448,-0.264324125,-1.198607975,0.825653868,1.162392601,-0.408262272
-0.190805107,0.46405872,0.673658059,-0.450493588,0.836378895,0.445502401,-0.032081478
-0.586861714,0.932704216,0.889758592,1.26947468,0.159641408,0.561820075,0.009670663
0.53557727,0.966614403,-0.066765649,1.534464093,-0.826165828,-0.865767669,-0.537677287
1.893646451,-1.045828191,-0.484303637,-1.812352095,-0.503819461,0.471181897,0.289866523
0.576205123,0.493382694,0.066442376,2.50942383,0.917214595,-0.900926316,0.286787775
0.854370857,0.17160273,0.467093154,-0.275240855,-0.608699503,0.931401137,3.173865739
-0.708686054,0.029308146,0.668254174,1.011845385,0.813797868,0.121875472,1.235049282
-0.89331949,-1.338926666,0.546033241,0.621776762,0.154210224,-1.381813129,-0.479435652
-0.031845293,0.019400742,0.555950316,-0.805683626,-0.057606872,-0.159324055,-0.257487006
-1.55637843,-0.11517451,1.296712868,-0.928769492,-1.483963421,2.342585303,-0.613527074
0.582897932,0.221467754,0.908782882,0.030877747,0.340055124,0.773094656,0.934508718
1.067324611,0.903020474,-1.200260531,-0.155559451,0.226007518,0.737804524,0.864910087
0.525426872,-1.130636057,2.710977166,1.005578281,-1.177598408,-0.257941749,0.100973385
-0.413837401,0.420079621,0.726835999,0.293464545,1.654119528,3.038578881,1.481294512
1.510159021,-0.291507333,0.531748375,0.299066453,-1.846092247,0.156328523,0.295080966
-0.365025899,0.307146964,-0.149508353,-0.055327691,0.987378748,0.257522829,-0.856886164
-0.782252797,-0.065150043,-0.056279752,-0.308426194,-1.055457981,0.149694573,0.11225427
-0.883944529,-0.430241007,-0.480912546,0.552902085,-0.731841741,-0.157795074,0.45331115
0.890796861,-0.290483335,-0.815375463,0.127637042,0.36445894,0.242574864,0.562033756
1.728365099,-0.586694298,-1.053105823,-1.142383875,0.302826442,0.234329635,2.584627193
0.741335713,-0.303484629,-1.027969897,-1.033410054,-0.031254445,-1.175015717,-0.308925093
0.93304043,-0.319364354,-0.284266393,0.120284322,-0.090777187,-1.157597433,0.230843083
0.618579388,-0.481217544,-0.170059295,0.119471638,-0.187527197,-2.14360071,0.363612252
-0.393843419,-1.064175927,-0.746466869,-0.726107411,-1.47590916,-0.977757932,0.808506389
1.093413337,0.113172962,-0.392534984,0.851262802,-2.03424203,-0.210542307,-0.070996811
-0.694938864,-0.261850072,2.506593651,-0.357306048,-1.442706681,-0.498507157,-0.592679499
1.786670576,1.418742716,0.15303095,-0.103707958,0.671130147,-1.477036708,0.735295993
0.43551706,-1.322121496,-1.392706028,0.5492173,1.422851052,-0.5289275,-0.105148142
-1.491049671,-1.088807728,1.168482512,0.710482573,-1.354441809,-0.708525452,-1.208074667
0.693722279,0.889460342,0.879816166,-2.077789008,-1.927494988,1.133389477,0.689756085
0.16044719,0.773351945,-0.579357732,0.606306488,-0.899769166,0.65618972,0.41791062
-0.902687929,0.941638135,-1.474656151,-0.744204482,0.913575548,0.697215706,-0.562802867
0.057555684,-0.620183365,-0.563226025,-0.496022365,-1.112856624,1.23640225,0.352360945
1.378600899,0.441081602,-1.555768757,-1.247846362,-1.1890781,-0.47999358,-0.428510694
-0.45757378,0.158180473,-0.106260794,1.98815468,-0.108774254,-0.072125427,0.650921126
-0.27918037,0.290438015,-0.289245982,1.202188351,0.991121316,0.087255496,-0.885922771
-1.39690028,0.314358676,1.510888563,-0.538866912,1.368900389,0.351117944,-0.162960882
-1.274973748,-0.33099706,-0.124838893,1.364992465,-1.797601973,-1.167309293,1.202299222
0.596197861,-0.208824629,-1.512953688,-0.835557936,0.527038255,0.150796053,0.512005559
0.843172835,0.754499445,0.397530663,1.290086881,-0.517019325,0.33322062,2.140243796
1.682986247,-0.98360488,-0.403247304,-0.378459544,0.497747558,1.06197237,0.069284555
0.906462406,0.294158846,-1.785431986,0.716043475,-1.773164647,0.543546992,-0.988171639
-0.62967941,-0.376841542,0.388635899,1.35872482,1.565690457,1.07874765,1.527504948
-1.383836927,0.188605715,0.022104001,-1.259606427,-1.150672291,0.632784824,-0.429056163
0.638616153,1.739546996,0.731485339,0.913930451,0.44698978,-0.722331238,1.780953234
2.357769414,2.65283524,0.762163254,0.380256294,-2.024166382,-0.685944677,-0.94734748
-0.534601897,-0.932476855,0.827799697,0.674414174,-1.75869307,0.62649049,-0.975466196
0.682313173,0.242236652,0.844506076,0.554731476,1.528635494,-0.974602834,1.252609803
-0.149211448,0.97463979,-0.93406227,0.690275789,0.597632947,-0.486441413,0.548314782
-0.372126332,0.964739432,0.667240787,-1.439172853,0.846977548,1.41368293,-2.149893168
-0.742383543,-0.33883247,1.70140753,-0.461045792,0.240700605,1.098547412,-0.01249773
-3.183495464,0.697342197,-0.976162092,-1.496617142,1.080217188,1.719830597,-1.159387419
1.119152077,-0.024295692,0.005645701,-0.260991452,-0.470730796,0.634766401,0.228047896
2.051097108,-0.134751403,-1.375625935,0.729734944,1.678322913,-0.33990921,0.347464901
1.973565495,-1.408254697,1.323128438,-0.588654636,-0.505166539,0.271146824,0.182792892
-1.047398856,-0.556613333,-0.21519523,0.965330977,-0.281046452,0.417529331,-1.794767961
1.19591817,0.168366078,0.989597319,-0.697959155,-1.32570348,0.087248949,0.278861448
0.303278969,0.49619323,-0.289681552,-0.005247749,-0.785964751,0.314642257,-0.959351975
-0.082505332,0.611936306,-0.496147957,0.099267081,-0.213098378,-0.778831788,0.26504895
0.236002931,0.698688633,1.033587927,0.921310416,-1.139466495,-1.828322339,0.497853305
1.099350314,-0.336632066,-1.427658785,-1.514908036,-2.094472118,1.286873586,0.75532906
0.649888641,0.974904452,-1.564921655,-1.678981064,0.470944119,-0.521672799,1.328993374
0.243594055,-0.661820327,0.242666648,0.924701014,-0.287962045,-0.361607283,2.094678838
0.67193531,-0.939029645,-0.410752934,-0.428502371,0.054309467,-0.498861848,-0.607647256
-1.379020877,-0.426523925,-0.176078697,-0.208490148,0.873696693,-0.326456935,-0.46414169
1.137902348,-0.039629433,-1.171618602,-0.688703828,0.860297424,1.023986313,0.928237739
-0.561118127,-1.48400743,0.804852694,0.245907098,1.196601429,-0.500757725,0.495267126
-0.916443702,-0.275831852,0.918857176,-1.274690786,-0.023462824,2.155882152,1.016185987
-0.309546669,0.763453468,0.8106865,0.51887363,-0.331965157,-0.579513635,0.226113777
-1.990033659,-0.191536764,2.066909048,-0.743063692,-1.015591729,-0.810414452,-0.081615548
2.101300087,0.29277317,-0.004578733,0.810271347,0.615471224,0.271933649,1.256055724
-0.484287432,0.274897295,0.071900906,0.374037488,-0.759940931,1.630269744,1.162747586
-1.46544078,-0.136989358,3.213204052,1.072537303,1.171044821,-0.726266566,-0.148801097
-0.497953886,0.626709709,-0.437757446,1.064429117,1.499670299,-0.285675772,-0.355671018
-0.20999476,0.95372596,-1.801717282,0.698509332,3.613910557,-0.007936901,0.977968763
0.074238679,0.171618069,-0.304421784,-1.038260715,1.476820572,-1.553968373,0.305013823
1.331478353,0.887854064,0.338634904,0.116314286,2.408991877,-2.3070293,0.99556215
0.586049098,0.865792822,0.453475952,1.246187378,-1.684437863,-1.037421795,0.258196634
-0.208597166,1.931597105,0.810053715,1.207537212,-1.367672734,-0.33321,2.687789937
-1.038996369,-0.331231764,1.848586257,0.190552282,0.145878968,0.162914336,1.125397307
0.064694444,-0.878517998,-0.369383925,0.046855038,2.391281975,-0.817729678,0.163446926
0.577556885,0.795281767,0.536991438,1.550989757,-1.175744268,-0.029896878,0.12725171
-0.47510837,-0.314872754,0.889259977,0.145634921,-2.198151446,0.994899564,1.111232268
-0.130024085,0.906808069,1.938830967,1.059864571,-0.42809624,0.783553879,0.183987758
1.023391663,-1.018717269,0.855846772,0.283356061,-0.882976777,-0.503651527,0.168471694
-1.183563291,0.080388981,-2.491869501,0.027999117,1.823310481,-0.762901142,1.237238117
-0.444910304,0.938191821,-1.457266814,0.669939041,-1.36526564,-0.41211664,-0.05219895
0.330941695,-0.783789047,-1.540370007,-1.42393456,1.439875831,-1.211382921,-0.441646594
1.64361557,-0.812390329,1.81571071,0.128874837,0.104167719,-2.485400367,-0.084444785
0.505813492,0.295864434,0.730263762,1.177709094,-0.592913375,-2.463618594,-1.328530403
-0.417314947,1.141013509,0.277294331,-1.536345268,-2.131300098,-0.249521111,-0.719757135
-1.258084867,-0.437052781,-1.670709918,0.366680682,0.66809488,-0.870218221,-1.170636035
-0.747493492,-0.303938269,-0.122285778,0.55503566,0.477912387,0.913176826,-0.667835725
-1.838920032,1.221308913,-0.59719935,0.302624816,0.322554568,1.76572329,0.057591388
0.713786434,-0.417169059,-0.371583852,-0.70554124,-0.194671903,-0.93546779,0.676009103
0.367605719,0.239611289,-0.350733248,-0.310004906,-1.095441629,0.61332561,0.360768822
0.66364934,0.147835553,-0.522119015,-1.693050328,-0.112969029,-0.015841263,0.072603806
2.182527953,-0.041437725,-0.753111741,0.262344553,-1.326306436,-0.63020328,-1.053954802
0.781028905,-2.267589102,-1.078395815,-1.786651524,2.726823912,0.645493007,0.056653106
0.835776454,-1.409486806,-0.477379835,-0.855765216,0.770024516,-0.710848201,0.044276506
0.644545701,0.029379156,-0.966761841,-0.958317929,0.772133783,0.693303301,1.076081894
0.131283074,0.062617573,0.390973743,-0.168007587,-1.310790156,1.551915969,-0.699431846
-0.505626686,-0.537354572,1.040509301,-1.338318876,0.759484841,-0.66947224,1.806430274
0.070178789,-0.983964443,0.427482371,0.320014082,1.187167676,0.432588899,1.698490964
1.216749644,-0.378211697,-0.822080112,0.076649964,-0.678110168,-0.227338956,-1.197490953
-0.75537973,0.290382657,0.143324935,0.316637756,0.60641722,0.372044022,0.723309025
-0.25174024,1.811077162,-1.382053304,-0.073824494,-1.297198893,0.441893752,-2.21853736
-1.539365562,-0.381218276,0.271237747,-1.395259608,0.218215925,2.150645363,-1.096540785
-0.126241543,2.135604229,-0.105132368,0.311202968,-0.867872488,0.822624585,-0.820943293
-1.008564844,0.11385728,-0.916693809,1.274198282,-1.55905862,0.349852586,-1.165371123
0.670484463,0.300607309,-0.427851738,-0.972987975,1.269091574,-0.190616976,0.235902438
-1.423066634,1.055698101,2.204405354,-0.157823238,-2.562168872,1.562907553,0.737082444
0.230452887,0.0709959,-0.024762221,-1.383755997,-0.731136551,1.815503408,-2.522271447
1.140468605,0.054934501,-0.606176981,-0.271299448,-0.619126643,-0.559817043,3.005800468
0.448177246,-1.181849283,0.126525501,-1.018445368,0.82330368,-0.107305394,-1.670634839
0.1784289,-0.099068979,-0.860712148,0.206898436,0.311893009,-0.096104518,0.377896952
-0.529293184,0.275216349,1.195736734,-0.684599269,-0.740602014,-0.710744654,0.017786456
-0.736767671,-1.914075757,0.852268746,0.208600744,1.423478692,1.703055818,0.742043995
-0.103148974,1.642639021,0.996124608,-0.586325504,0.297028243,0.221277539,-0.198297417
0.32771891,-0.199996967,-1.801155838,-0.508031292,0.818929421,-0.020109084,-1.024531987
0.465225009,1.903306214,0.516314157,1.156598541,0.750436153,-0.059038551,1.803715403
1.544057191,-1.253390243,-0.384540343,-0.357134861,-0.964226197,-1.598857762,-0.344631396
-0.459234607,-0.379919767,0.816919674,-0.025033116,-1.506473665,0.556732021,1.133491856
2.751701985,0.590183595,-1.860976146,1.056149183,0.443831326,1.530084098,-0.997852074
1.389080734,0.656965253,1.612725115,-0.639698819,-1.175603405,0.910182191,-0.129620068
0.292025782,-0.009443312,-0.777530431,-0.969854,1.266995569,-1.687336082,0.409229218
-0.28831019,-1.236989476,-0.285920802,-0.229825847,-0.947040305,-0.408617622,-0.064498339
-0.588793127,1.75994017,0.949576517,0.443101635,-0.50430444,-0.55994761,0.138845055
-0.843063614,-0.284950437,-0.959737642,-0.716442785,0.069080067,1.372409561,-0.021950145
0.691547259,-1.305709567,1.360052464,-1.661750515,0.63458277,-1.497649844,-1.841722118
0.635777723,0.171196348,0.049140713,0.09256154,-0.19034534,1.128642503,0.281725038
-0.362984382,-0.41422905,1.088912729,-0.201609383,1.094681114,0.790123809,-1.028742961
0.827553015,-1.800505865,0.735463901,-0.383200808,0.163794311,-1.766789351,0.051835328
-0.262582596,-1.670492237,0.262312015,-3.4601201,-0.343337009,0.174502854,0.105905053
0.658772516,0.787485038,0.579251684,0.932730935,0.803735966,-1.077728992,1.415433577
-0.455615012,-0.874605507,0.481776985,1.140324939,-0.541682273,0.4569323,0.727418583
0.187470924,1.202359311,2.350785049,0.248611284,0.789805654,-0.047835433,0.268919402
0.557969069,1.893706008,0.604323451,2.131329516,0.344046523,-0.803751055,-0.724688539
1.406938933,2.353697568,0.190638242,1.225892261,2.487880897,-0.86504957,0.213446059
-0.78728895,-0.766139973,-0.045136903,-0.150296958,-0.331889155,-1.329062291,-0.215494195
-0.627392817,-1.382894654,0.144820126,1.566953757,-0.394351169,0.117673516,-1.1486581
0.070796996,-0.014634153,1.183364712,-0.961880147,1.174400488,-0.272901361,-1.624554377
-1.462432911,-1.267687323,-0.163616057,-0.18947758,0.232153694,-1.026533082,-0.169546876
-2.316330412,0.719470764,0.740640958,0.99691286,-0.317187646,-0.517670474,-0.238596308
-0.549067512,1.376540488,-2.085374595,1.146213416,-0.507283492,-0.173437846,0.568857158
1.511908129,0.067647217,0.625352528,-1.279936535,-1.645540896,-0.449265541,0.103462074
-0.417805229,0.966093495,-0.591132416,-1.379617995,1.16609187,-0.897157677,1.958460523
0.337083791,0.123954481,-0.134066862,-1.128047,-0.767744426,1.042880317,0.649688932
-0.175786755,-0.320508533,-0.596784077,2.011433326,-0.57042513,-0.043494973,-2.191796863
2.080418644,0.534027092,-1.579208891,0.12868738,0.398866795,-0.27918583,-1.435182328
-1.383516875,-0.877473865,1.079208896,1.021907465,0.334551035,0.641441494,-0.186866188
0.237078857,0.631019758,1.091884441,0.000399019,-0.038066331,-0.648001386,0.188598867
0.328343098,0.559375046,0.097735092,1.255742025,-0.431058949,1.006469014,-1.142195805
-0.552900949,0.278877113,0.45624422,0.036219199,0.465777115,-0.473087137,-0.349295912
-0.149412838,0.259796465,0.96832839,0.412848665,0.79029375,0.99342848,-1.853087895
1.062437293,1.52296847,-0.733547795,-0.115379054,-0.466216608,-0.979623289,-1.711143899
1.625583903,-1.04628988,0.550202859,-0.66798046,-0.0182391,1.137635192,-0.954893847
2.094165843,0.96395812,0.830423464,1.507171407,1.882146226,0.414400319,-0.115945307
1.258526804,0.854981446,-2.320308547,-0.700428166,-0.176813111,-1.395815757,-0.620164929
0.277138253,-1.0981918,-0.731300347,0.699929535,-0.842307048,1.693430556,1.251087918
-0.216060507,-1.49279925,-1.704639754,1.319972539,-1.210596803,1.283676639,1.089908449
-0.247794276,-0.890407229,0.665033514,-0.626671732,0.766973075,1.33867741,1.590827025
0.327091299,-2.021325402,-0.846400078,-1.337054417,-1.278950838,-0.978334667,0.787034172
-1.101053045,0.693357112,0.443554975,0.860369964,0.783893186,0.913004392,-0.105414589
0.852475931,-0.807143848,0.538157455,0.108741292,-0.464885349,0.214920874,-0.465904459
1.946863875,1.505363336,-2.117863514,-1.138721761,-2.034686776,-1.624133442,-1.075652956
0.752458147,0.141416549,-0.571156711,0.846006234,-0.415473746,2.309718449,-1.288655868
-0.50459268,1.043615797,0.742847564,-0.095227717,0.833251681,-0.078356957,-0.021214234
-0.884572653,-1.370088632,0.176159257,-0.083606517,-0.281128566,-0.213174368,1.116479995
0.269831344,0.981345744,-1.222162972,-1.135314292,1.546519465,-0.677920251,1.806876306
-0.2597372,0.749726752,0.08089176,1.91949928,-0.119375698,-0.238283492,1.204977547
1.640719237,-1.673120369,-0.56665431,0.342449151,-0.5670534,0.80492957,0.560184328
1.055497442,-0.115156032,1.619420764,0.256763343,-0.159210063,1.048705556,1.132116211
0.125526689,-0.366328901,0.273201723,0.076911214,-0.350188439,0.521556172,1.025195014
1.088143741,1.617052796,-0.929172993,-1.401796211,0.33823644,2.015264643,-0.114474677
1.39958329,0.365830458,-0.326309866,0.47026405,-0.152973332,-1.180069445,0.826261384
0.128013494,-1.374269854,-1.789021907,0.160296398,-0.668886621,0.388438251,0.706928792
0.89936157,-1.218444087,-0.330345208,0.24580394,0.406600737,0.200407929,1.108549973
1.781675627,-1.529738575,0.298152714,-0.412131936,-1.521624552,-0.631087683,-0.428522468
0.094674176,-1.216796656,-1.358425516,-0.327103256,-1.188445488,-0.734122908,-0.276946598
-1.063169474,0.147945557,-0.383490719,1.733935578,1.097941042,1.125403203,0.379890112
0.415813724,-0.763839106,-0.989714078,0.014317754,0.628358222,0.265339189,-0.406866832
0.175677779,-0.469669822,0.855498747,0.211962184,-1.347059547,-2.072960576,-0.109205698
-0.809847067,0.557600637,1.116623911,-0.745301547,-0.214260862,-0.241801955,-0.893832881
0.298676408,0.049851459,-0.493378112,-0.739450586,-1.429013146,-0.154066087,-0.74225771
-1.498519209,-0.644890717,-0.724186027,1.190475213,0.540924064,-1.674462776,-0.869643172
1.13279407,0.632618772,0.159090369,-0.227474159,0.29059951,-2.56092645,-0.31812246
-2.113485098,-0.498810266,1.006370124,1.790824793,1.029203956,-1.466629939,1.04442057
-1.005234108,-0.234415532,0.41493748,-0.247526615,0.062800588,-0.879367847,-3.169895391
1.172029602,1.086467032,0.250129109,-0.438585642,-1.646490638,-1.207906803,-1.251546156
-1.329169827,-1.135723665,0.268547829,-1.446231897,-0.18865006,-0.87276451,0.186500569
1.227678529,-0.331007921,-0.406616874,-0.888191044,-1.516511432,-0.945545754,-0.836568022
-0.752511518,-0.371671891,-0.247911593,-0.311751943,-0.732190496,0.30433399,-0.82070128
0.189378043,0.756040229,-0.398844988,0.369964506,-1.069913962,0.430650765,0.169395462
-0.397177092,1.098759747,-1.204293833,1.062677381,0.505867008,0.190902183,0.831231122
2.386463604,0.920759074,-1.01132897,0.294187627,0.77141945,-2.109988033,-1.251572901
-1.92673754,0.822587723,-0.590871086,0.014615462,-0.355198789,1.155466274,0.491794176
-0.059547398,0.054595214,0.291333849,-0.417586944,-1.485424436,0.1073248,0.842394315
-0.66403525,-0.738120141,0.159060776,2.031750657,-0.384155644,0.333905191,1.152289257
2.086568008,0.155205917,0.277145691,2.412348008,-0.719647466,0.511114965,-2.091977623
-0.224384573,-0.206145682,1.646786451,-0.839558947,-0.14367398,-0.014211203,-1.283751605
-0.253292486,0.407038237,-0.925260634,0.604209231,-0.46015307,-0.278580423,-0.691864908
-0.132509897,0.799397263,0.508260105,1.202987781,0.235561649,1.045089595,-1.039087628
0.667792913,-0.597381881,1.309111083,-1.360220448,-0.830495949,1.693227347,0.905999511
0.624476452,1.23834158,0.626069313,0.90721868,-0.004063421,1.587121893,-0.860867759
-1.091574618,-0.42041919,-0.242109429,-0.176922918,0.220538422,0.280664013,0.890405546
-0.110834105,-1.289714776,0.567807356,0.505603307,-0.392616879,-0.078514644,0.353460807
-1.166222321,0.341765488,-0.381536379,1.101288292,0.016133367,-0.622027891,1.417541708
-0.228544731,-0.020042637,-0.685733563,-0.266647418,0.052612117,2.092608152,0.072316289
-0.345755705,-0.993773677,0.859411628,2.539128372,0.713368922,0.519530272,0.272365235
0.692764769,-1.418998418,-2.662817682,0.884323028,1.197314616,1.606326983,-0.501230819
1.654980637,1.540296392,-0.169643664,-0.883468718,-0.082805429,0.585472438,2.220956643
-1.049420692,-1.858941676,0.194644456,-1.779933216,-0.045829099,0.41904443,-1.247731676
0.054655471,-1.285524532,0.563735707,-1.169569323,1.013575987,1.73848703,1.112717245
1.456713763,2.123235238,-1.249305171,0.761863982,-0.704938224,2.200481428,-0.729593602
0.542553338,0.230601973,-0.627066628,-1.73378392,1.054577614,0.318068775,-0.788844769
-0.919973725,0.750753175,2.956823008,-1.24251109,-0.410638143,0.053640949,-0.816377004
0.477074291,0.61671395,1.826992274,-0.782260181,0.324419598,0.642330883,-0.092309495
0.943192606,-1.613599649,1.385612996,-0.482942385,-0.475141248,0.742699452,-1.634603241
-2.097721462,1.121464162,0.973225512,-0.991390606,1.064057945,0.409933428,-0.340860792
0.171746788,-1.432468493,1.451900784,-0.371095223,1.076784433,-1.949821741,1.059104148
-0.356565063,-1.96951999,-1.411555716,0.941942752,1.559803601,0.356039517,-1.516278616
0.501709281,0.800128577,0.889749544,-1.311144299,-0.594493197,0.407737473,-0.543254344
0.32126529,0.597886568,-0.442760059,-0.204198449,0.784259888,-0.840816647,-1.094034265
-0.915811579,0.245929507,-0.758415667,0.624527536,0.415388729,-0.284789259,-0.636351764
-1.211936777,-1.295939644,0.479817657,0.749054717,0.603931308,0.830259957,-0.497735247
0.310489449,1.137295875,-0.184413286,-0.93782668,-2.24895519,1.333214282,0.205827104
-0.405482276,0.42218894,1.072973253,-0.091360514,-0.300646607,1.238024631,0.473691447
0.805676657,0.235594184,0.367883162,0.810539717,-0.442835748,0.480454141,-1.053852594
-0.513606397,0.961342274,0.649653373,-0.788816148,-0.207735064,0.377115048,0.994531604
0.142961276,-0.078205783,1.421666574,-0.587753212,0.698393516,0.935965741,-0.361078557
-0.371374569,-1.7522675,0.755903207,-0.40331469,0.274940687,-1.009559751,0.874708819
-1.069393197,-0.72712142,0.885655245,0.875508452,-1.084165466,-0.015782956,-1.564095734
-0.617204722,-1.843063033,0.060198528,2.220710635,-0.498917089,-0.310443759,-1.119828289
-2.290436078,0.783379773,-1.7487349,-0.25353907,1.771932677,-0.455143499,-1.163185573
-0.588522151,-0.869393788,-1.839695444,-0.027268411,1.073446337,-1.792342212,1.200099909
0.258560941,-0.62209596,0.741626003,1.037826191,-0.291241742,1.373347659,-1.01330828
0.858188745,-0.700393727,0.36144833,2.546941983,-0.27695152,1.139726544,-1.017876588
-0.079018424,0.603139955,-0.914920018,2.178097579,-1.369774544,-0.107744795,-1.163775993
0.545652464,-1.911807388,-1.318808789,-0.297264646,-0.964896737,-0.57017344,1.499866428
0.367703857,0.784397715,0.846507567,0.254905897,1.981227612,-1.793452937,0.267126224
-1.818094264,0.205642605,0.273424731,0.36567461,0.373461914,1.612440981,0.173372545
-1.200904203,1.40429778,-0.096506601,-0.436424706,-0.821095079,-0.644623081,-1.301211859
-2.090171914,1.008717014,0.724563639,1.216986158,-0.550050124,-0.212422407,-0.938345739
0.854403533,0.227348793,-1.232689773,-1.61340251,0.685268153,-0.448627543,1.518024825
0.469203805,-1.28441348,-0.903137579,-0.370861638,-0.883743393,-0.384540071,0.117112021
0.283985406,-1.537546524,-1.709139792,0.166492821,0.403621116,-0.104003557,-0.733326479
0.723145589,0.050416626,2.282570632,0.057642052,-0.850126828,-1.28899534,0.457222941
0.072300908,2.056701046,1.686539692,-0.610755066,0.713969745,0.797896895,0.213365479
0.593965694,0.945670063,0.003995271,2.102396979,1.38562329,-0.074878381,0.804461634
-0.951718238,0.146344963,-0.452735051,0.560647101,0.374499596,-1.021623223,-1.141166826
0.267632443,-0.336346071,-0.397515933,0.70959206,0.810754695,-0.239779374,1.474393269
-2.634358294,0.946094549,-1.779462374,0.13720144,-0.199865127,-0.75774898,-1.416440509
-0.889437953,-1.63588858,-0.113188892,-0.821617023,-1.084838334,-0.194014856,1.512152503
-0.645417503,0.453384003,-0.065644753,-1.614587577,0.363192053,0.36928569,-0.646082633
-0.713085581,-0.094440253,-1.317883564,2.119763233,-0.341239475,0.005542079,-1.016631292
-1.379531444,-0.569020211,0.360516379,-0.839611686,-0.04778947,-0.696794722,-0.295173692
1.138237685,0.33993452,0.623984645,-1.552415454,-0.527114583,0.307236426,0.303058025
0.839475553,0.170006226,-1.132747035,-0.955504599,1.167382788,-0.763047558,-0.369199638
0.050439167,0.73645944,-1.525280818,-0.596808147,-0.218649199,0.36000546,0.124981972
-1.398929524,-1.420905418,-0.27388068,0.888816865,0.686381687,0.672647638,2.494216532
-0.250382817,0.427900878,-1.173104097,-1.644282075,-0.299079725,-1.917085265,-1.344259409
0.261180842,-0.187794077,-1.072232953,0.95530762,-0.550361761,-1.696959608,0.581362962
-1.052908763,0.122056136,0.208166516,0.069543417,0.413379867,-2.352203904,0.41189241
-0.453870838,0.585586295,-0.377614217,-0.046568027,-0.39567322,0.418820827,-2.16202952
0.101005914,1.66298559,0.38518513,0.838848016,-1.477067789,0.018033038,-0.605226401
-0.98191184,-0.653068743,0.787552412,-0.978391391,0.97433993,1.218899057,1.077505857
-0.70638837,1.158168873,-0.013317823,0.177581356,-0.110683518,-0.705872969,0.811296596
1.307102453,-1.118347224,1.620669762,1.799928022,1.354629769,-0.396466845,1.58152849
0.922285132,-1.33997453,-1.064378143,0.630929753,0.137355203,0.326553677,-0.103534355
-0.109685356,0.783325943,-0.80045258,-0.895429327,-0.403298559,0.41485813,0.113987325
-2.051664575,0.433329276,1.686487568,1.602277111,1.433501633,0.439221812,2.424056845
0.991313557,-0.880409145,1.912564002,-1.068156168,-1.070892039,0.113684902,-0.601868683
0.969648035,0.103858957,0.985158074,1.029964335,-0.097693671,0.46377158,1.019969601
-0.008734522,-1.427713994,-0.361583201,0.961502354,0.427846621,0.127191143,-0.595387615
0.548626677,0.452984079,-0.820683778,2.617963115,0.596609511,1.280274453,0.261365567
-0.174740508,-1.140920462,-0.845110834,0.405239901,1.232251009,1.050583701,0.5640027
1.227093961,-1.218378922,0.04654748,0.315441671,-0.027793981,-0.171198064,-0.612602098
-0.457984031,-0.143098883,1.930904314,0.763151464,-2.709831211,1.013758018,1.713875698
-0.295040166,0.55754831,1.125956642,0.615936066,-0.433007394,-0.185316428,-0.032939775
-0.223224177,0.130382134,-0.011965347,0.952978288,0.079758037,0.363519375,-1.594840481
-0.011275911,-2.179383666,-0.416829737,0.348647998,-0.110113498,-0.455226531,-1.104726153
1.258717128,-0.006215068,1.399957159,-0.834123323,-0.556462625,0.869745896,0.492092771
0.492846806,-0.103983419,0.7260536,-0.405849824,-0.302154977,1.617278696,-0.610291258
0.188720853,-0.810416297,0.709322787,0.154098537,-0.425967447,0.67809258,-0.529272559
0.685946371,0.813659913,-0.866420871,-0.113429759,-0.701299448,1.641932352,0.007317242
0.821522965,-0.705391909,0.891456855,1.748564,0.064284683,2.209021075,-0.444038895
-0.111000213,-0.346710682,1.214154636,-0.885725956,-1.080366098,-0.038015255,-0.499265766
1.600074985,-0.12718177,-1.549898066,0.736051688,-0.125125985,2.218167539,0.828417719
0.832397792,-0.863338494,0.219764946,-0.053772016,0.460537863,-1.118505503,-0.256971345
-0.127498429,1.054081205,1.153934051,-0.227235093,-1.531180586,0.144382606,-0.522852769
-1.641959702,0.454859524,-0.047047645,-0.687522178,1.47842493,-1.114566613,-0.076733232
0.497033669,-0.443448584,-0.124546388,0.043229531,-1.055409286,0.237735483,-0.564852106
-0.419874558,1.123471517,0.093068816,1.120724591,0.286104364,1.573008853,-1.072861274
-2.153267946,0.529251942,-0.297493848,0.069802538,-0.550305223,0.434903615,-0.334597539
-0.549471207,0.131750091,2.108901943,0.453602408,-1.018004139,0.681716539,0.512985546
-0.881195226,0.382643211,-1.789403177,-1.522156414,1.163497831,1.43676174,-0.151612657
0.345483311,-0.55953511,-2.067465596,-0.6761507,-0.272634056,0.015906026,-0.802269033
-1.373673957,-0.292083638,1.111194588,0.657367597,-0.356012539,-0.118167196,-0.503758511
0.957755509,-1.998032606,0.440380034,1.008017196,0.129148238,-0.650868194,-0.359238515
0.4201253,0.745389309,0.655797617,-3.694804976,-1.470262984,-1.411753465,-0.208911612
-0.658806775,-2.901802962,-0.414026367,0.220727419,2.198927798,-0.368433664,-0.876269206
0.359661779,1.026495014,-1.53915931,-0.914406019,0.847327318,-1.229611663,-0.708391841
-0.691257778,0.245044504,0.029604861,-0.157937191,-0.646997107,-0.221085112,0.828509567
0.207706291,0.869162903,0.596177418,-0.279492103,-1.061147457,1.007912094,0.54298199
-0.239794591,0.692441462,-0.263917972,-0.472826048,-0.017503207,0.377280874,0.065473475
-0.703524144,-0.900320749,-0.258571711,0.42405021,1.080512406,-1.335938304,0.738486285
-2.72440498,-0.957561665,0.878838584,-0.697920515,-0.682912416,-0.702450595,-2.663159135
-0.176852361,2.850169212,2.034838205,0.351597568,-0.086716994,-0.767981068,-0.304523633
0.891250078,0.421119422,-0.790623661,0.593764867,0.802987444,0.891018756,-0.717382075
-1.999710825,-0.079470944,0.638167203,-0.194031661,0.142517863,0.630652852,0.522260202
1.7395113,1.554844908,-0.730662436,0.0426382,-0.318824692,0.355780607,0.472868289
0.323901229,0.608873038,1.273473346,0.82481213,2.268989344,-0.563048013,-0.516777546
-1.568141158,-0.975321128,0.445897287,-0.229964477,-1.468346037,-0.639305228,-0.692045024
0.4038389,0.556878059,0.01368349,1.418635216,-0.495802081,-0.185667126,-0.845236641
-0.103697745,-1.322529448,-0.839714768,-0.079821797,-0.922798264,0.900499524,0.649905547
-1.178004588,-0.092042927,-0.975687666,0.911974027,0.399371225,-0.333740386,-2.874131163
0.295703563,-1.010704182,-0.72783907,-0.458699509,0.882384259,0.468000715,1.237969745
1.182165848,2.336068207,-1.009277977,-0.019361065,-1.013178959,-1.389256874,0.781589604
0.839991571,1.160993714,0.714351359,0.384715282,0.024270774,-1.103983147,-0.128875558
-2.265150211,1.493689512,-0.083703187,0.085864408,1.779491166,-0.990052398,-0.318064129
0.572569314,0.396496215,-0.407498363,-2.340534769,0.942012526,0.756934931,-0.322963109
-0.282212762,-1.380265839,-0.388965588,0.084493731,0.616724465,-1.407925461,1.443752421
-0.67912063,-1.760822562,-0.138213508,1.376725753,-0.561362384,1.436553828,0.849269057
0.185394371,-0.207347861,2.784620019,0.905181479,-0.979981434,-1.628340088,-0.865338855
-0.386448035,-1.037045602,1.692208904,0.368672414,1.602149802,0.717761495,-0.371739701
-0.015223185,1.50722029,-0.531509334,-2.670934809,-0.409152742,-0.960157695,-2.231453011
-0.550319906,-0.01652509,1.029893017,0.091168434,-0.352744275,-2.021747036,-0.372489781
-0.725965235,-1.087236379,1.139859203,-0.914071535,-0.280617845,-0.359681371,-0.444536552
-0.902836276,0.850130908,1.16535421,-1.872793174,1.109598011,2.102963585,0.238559206
1.133562523,-1.336387674,0.033636908,0.113934297,0.387125995,-0.350594511,-0.710954711
0.226712723,-0.841660197,-0.06333773,0.072246467,0.531646658,1.334438188,-0.908966012
-1.601765111,-1.4219607,-1.3240729,0.464621029,0.102898626,-1.172965743,-0.272568947
0.865821746,-0.442684313,-1.666815651,-1.261028401,1.153926534,-0.162163829,-0.373100074
1.88022858,0.402055435,-0.024935716,0.980103597,0.436467034,1.282525607,0.484806217
0.60288535,0.155975144,0.477292518,-1.712347717,-0.066023129,-0.24181621,-1.425302009
-0.595451655,0.176926584,0.771835728,-0.925205173,1.493406319,0.368439751,-1.66456536
1.542229661,0.754917656,-0.00228321,0.063479476,0.965833109,-0.548883126,2.515410682
-0.659045222,0.784584854,0.363589577,-0.379000363,-0.69174077,0.387683528,-0.109628844
-0.099929,0.169293313,-1.060698254,0.33994207,0.120797261,-1.236663645,-1.4249964
0.910290775,0.669914654,-0.386302946,-0.644196412,-0.048659925,0.360263975,-0.545111845
-0.519897591,-2.026970446,-0.663938443,1.267808253,-0.919622521,-0.207011958,-0.290944115
1.029785824,-0.063199347,0.812192626,-0.680755739,-0.487372038,0.565255729,-0.254445595
0.522968866,1.120830757,0.613307187,-0.290667066,0.916451801,0.484729811,1.379819615
-0.771675065,0.958954945,-1.060906929,-1.13028205,1.75692977,-0.098841748,0.147278066
-0.743280907,-0.265677536,1.037931591,-0.91348804,-0.141394874,0.919556573,0.637930024
0.278662763,0.767842437,0.719386637,-0.904481332,-1.796401921,-0.459169083,-0.899295263
-0.868687661,-0.871738909,0.046083825,0.213441188,0.146964905,-0.527582895,0.55951467
-0.830226859,-1.717188386,0.18469719,-0.032294789,-1.352111364,0.865579557,-0.485018279
1.250018629,0.146029009,1.228878,-0.254602532,-0.456336465,0.006338628,-1.807376133
1.188885896,-0.769419881,-0.25695489,-1.050615436,-0.872208475,-0.686313412,1.557928103
0.883018087,1.534686865,1.80248214,-2.091059885,-0.485020521,-0.666800846,0.32443658
-0.145542058,-0.929339531,1.329829409,-0.906637913,0.879468188,-0.015820566,0.125142732
-0.772061594,0.317169306,-1.78796006,0.13979315,0.18859736,0.363312731,1.276165141
0.488861157,1.350279862,-0.722182604,0.179378445,1.913419183,2.612530143,-0.4073141
-0.217308883,1.329277817,0.682938651,-0.855365331,0.1813893,-0.552288277,0.45812841
1.06050465,-0.772279149,0.143687183,-1.222662698,0.137044997,-0.845930311,0.538746058
1.689359762,0.671290771,1.745886543,-0.099226534,1.040644804,0.126772983,0.172157983
0.172958471,0.547212258,0.00400595,2.579340104,0.35859549,0.351782702,0.241948609
0.452191463,-1.355283805,0.911494294,-0.569346425,0.340250407,0.940657562,-1.24410017
2.051381211,-0.896556344,-1.923279239,-1.120133308,0.464637824,0.954096757,-0.477236497
-0.583558937,1.472967951,-0.671989042,0.528852592,0.178522195,-0.381776258,1.60848586
0.695466585,-0.320925866,-1.706717282,0.300461991,-0.189218797,1.29958761,1.101124007
0.545936329,1.05148217,-0.767306292,0.115956996,0.323533945,-0.264144787,0.597309216
-0.193924232,-0.92257557,-0.097900114,-0.734196545,-0.019994242,-1.784879324,-0.016233556
-1.414231898,-1.010755852,1.338296616,-0.461581695,-0.577756227,-0.344369049,1.464994257
-0.147874845,-0.028228692,-1.013711525,-1.271577305,-0.255756606,-0.104449934,0.466756137
-0.53416135,-0.660970631,0.441387469,-0.703970242,-1.052753016,-0.035916396,-0.626215902
-0.322472534,-0.768657644,-0.932557321,-0.523399452,1.187393102,2.569697794,-0.558452478
0.090748448,-0.207434129,-1.733520865,-0.600759623,1.011891709,-0.353861568,-0.102909064
0.810574707,0.642540493,1.862897827,-1.018565403,-1.48731015,-1.569826456,0.822583026
0.01249048,0.443216348,-0.765311739,-1.120758561,3.858921968,-0.124887292,1.532774338
1.97029171,-0.711184651,-0.308682784,-0.626463269,-0.798519505,0.461599015,0.618872969
-0.25879863,-1.240865945,1.147559318,-0.05340373,0.743002686,-0.176196867,1.021610545
1.231071626,0.151041959,-0.832007149,-0.205096548,-0.138712299,0.117994239,0.078014448
-0.682020779,1.111232101,-0.776740993,-0.369139677,0.372557916,-0.702555654,0.702850428
-0.074018846,0.233506867,-0.523494539,-0.768902356,2.752653672,0.467572616,1.544078739
-1.917560768,2.139733705,0.998330581,0.667752962,1.367162089,-0.743840099,-1.198997811
-0.07601306,0.8325765,-0.227283725,0.198978838,-1.294498639,0.534665771,0.108539849
-0.325068337,0.187518704,0.65692316,0.996500575,-0.413029893,-0.33604304,1.100108152
-0.23012303,-0.100026953,0.220582964,0.991867852,-1.076853879,-1.049821481,-0.622778375
-0.351251002,0.155134993,1.846840515,0.259768893,1.351922892,-0.712397677,0.909171742
0.038331687,-2.520897502,2.585560305,-1.560222979,0.430822053,0.342160397,0.647433575
0.680905961,0.387015569,-0.264693696,0.04479888,1.652364057,0.929188876,1.02161897
-0.592337128,1.002518869,-0.808695177,-0.00063497,-0.680839955,-0.47545479,0.399771576
0.613405678,0.596428005,0.401033644,-1.076029102,-1.2799029,-1.246012193,1.143473465
-0.342543709,-0.403045092,-0.437284834,1.305864736,-1.054433682,-0.270948864,-2.416116723
0.171100457,-0.90277396,0.452118679,-1.784016767,1.017954323,-0.299209231,0.396858842
1.252667108,-0.127938099,-0.422379904,0.199953819,0.630730591,-0.175296678,-0.342975976
-0.806046799,0.262526063,0.672775689,0.848488085,1.442003301,-0.520815686,2.410660529
0.064197147,1.527222992,-0.33672159,-0.930593632,-2.367256843,-1.867429618,0.460848605
0.628785294,-1.164673511,1.532497133,0.410358347,2.460876001,-1.53358665,0.622535713
0.323754728,-0.43647832,1.869778651,-1.523241118,-0.616011019,1.027045143,-0.646922771
-0.417620632,0.523819117,-0.616222928,1.163555072,0.014618944,0.756678272,-1.24470884
0.227117032,2.311121863,-0.516304615,0.813158841,0.729345158,-0.042568811,0.746732787
-0.330451734,0.553341211,-0.527985235,0.030058699,-0.316674337,-0.329328746,-0.217443365
-0.105786087,0.703471338,1.171662233,-1.255060051,-0.624135336,2.556824067,-0.796388653
-1.188472985,-1.053360164,0.962703606,0.073895334,1.93279616,0.313465949,-0.53127324
2.712241773,-0.229826653,0.684226726,-1.075622003,-0.459740699,0.716757594,-0.394737918
-0.728526074,0.286472014,0.71074991,-0.310019,-0.244590669,0.593798554,-0.187036361
1.490458386,0.407225454,-0.262113827,0.369958134,-2.705202446,-0.002533451,-0.203005892
-0.618097397,0.875719359,1.004608778,0.647751781,-1.030835235,-0.911493097,-2.587822042
-0.744670463,-1.654853469,-2.111731748,0.842851622,1.046121194,-0.84929129,1.024293754
-0.044046105,0.142225015,0.317919656,0.598954845,-2.419965747,-0.691412806,-0.936497055
1.240581782,-2.216471628,-1.535643362,0.33206665,1.651717923,-1.701214032,-0.996367651
-0.856481535,0.356674485,1.4041389,-0.032876192,0.224583815,-0.938353737,-0.746006295
-0.779046053,-1.385248606,-0.810436741,-0.98500909,-0.172987648,-0.746843261,0.12116381
2.41046182,0.167416018,-1.319010622,-2.255929177,0.395978104,-0.533239947,-0.054614042
-0.295893154,-1.938988095,-1.680430918,-1.300729375,-0.055380328,-0.171844266,-0.293072054
1.033797302,-0.838285344,1.055830188,1.272315811,0.726919791,-0.559847847,0.447401274
0.341498164,-0.927335241,0.380595508,0.575571601,0.189973216,-1.521653533,0.334338322
-0.997440146,-0.291649729,0.636760135,-0.267655075,-1.328783453,0.675668513,0.064360248
0.383452554,0.433779748,0.19746153,0.903814939,-2.168502696,-2.302480663,-2.126768399
0.22532873,-2.349559011,1.57636476,-0.785483005,0.39756572,0.767866657,-0.104159629
-0.978278666,0.174870069,0.774861872,0.465517771,-0.5024717,-0.90579008,0.85567505
-0.277291811,-0.020418407,0.804988402,-0.963887073,-0.671221917,-0.81183314,-0.847689111
0.657261657,0.016085038,1.505056642,-2.263088798,0.368124583,-0.779764412,-0.672851593
-0.090041913,-0.596389756,-0.431427318,-1.286008088,-0.157985805,1.181721479,1.410574538
0.819797037,0.983420989,0.856331277,0.420539032,-0.192316062,-1.151664834,1.190019259
1.295665897,0.677471358,-1.134481544,-0.507901698,1.348556965,1.534876333,0.0438199
2.006493503,-0.424809884,-1.651709276,0.913662322,0.724272216,0.891269948,-0.783100188
1.674126243,0.102231406,1.300901951,0.244571405,0.801821885,-1.584637403,0.318797307
-0.108973972,0.167663949,0.846275041,-1.112199984,1.039273796,-0.363995363,0.0893344
0.881155643,-0.825257192,0.500906362,-0.92085165,-0.218494247,0.725895311,0.047434731
-0.526341046,0.64090824,0.161446163,-0.610625928,0.287696907,-0.800992223,0.48101014
-0.283419619,1.411252162,-0.650227236,-0.107978726,-0.167426919,-1.983198361,0.076911253
0.404365914,0.953400166,-1.869141038,0.285095611,-0.444940926,-0.370538326,1.598503969
-0.475772276,-1.136250229,0.911444287,1.815244886,-1.056180405,-0.226130413,-0.243301396
1.199721491,-0.429598377,-1.235501298,1.125722855,-1.06066985,1.531391542,-0.895358983
0.838163051,0.161180663,-1.49358722,-0.300583446,-0.088009269,1.26408418,0.962797507
-0.185378959,0.759640005,0.597962282,-0.366469578,-0.088298211,0.478886991,0.913290529
-0.524816982,-0.4259643,0.0693278,-1.481913319,-0.263165929,-0.835281424,1.629857818
1.545524634,0.96704921,-0.281343088,-0.531187354,0.752986753,0.593150239,0.048115201
-2.112666294,-1.719225128,1.158489663,-0.782830851,0.640596507,0.794234416,-0.26302421
0.169994551,0.422433672,-0.068954312,0.515449759,1.038160603,-0.696671973,0.289021663
0.879167505,-0.302994562,0.462850305,-0.411055154,0.921233797,0.111853596,1.249666939
-0.704754908,0.095409381,0.201964605,-0.534399534,0.087286105,-0.285364866,-1.906563984
1.769425291,0.752127985,-0.005156132,-0.384164183,-0.389797462,-0.447928829,0.490507303
-1.724885434,0.016574998,2.877256034,1.428818997,1.581879587,-0.52067057,-1.168368508
1.554050022,-1.04235957,0.731043902,0.853912827,-0.868944566,-1.04510737,-0.214532959
1.853576362,-1.409601987,0.173018326,-0.565594137,-0.671912029,-1.709528946,-1.103996268
0.139471293,-1.225959725,-0.828513258,-1.729119395,0.813233935,-1.153422473,1.903933717
0.931415225,0.611433192,1.368115904,2.340516275,0.092363686,0.297281176,-0.480951733
-0.38193197,-1.735392019,1.619971324,0.397193837,1.631881143,-0.112130986,-0.509786509
-2.680368482,0.508905027,1.38553271,0.538704467,1.259758142,-0.24008931,-1.095465259
0.080643293,0.160887596,-0.652484884,0.884970394,-0.01076055,-0.023348819,-0.038443972
0.301683297,0.240396232,-0.490549723,0.686347568,1.510585019,0.205197063,1.10159295
0.267823869,0.608235396,0.767235974,0.275451642,0.917988299,0.16062949,1.923400991
0.496070521,1.452529988,-1.33304704,-1.441101444,-1.769572558,-0.487474132,-0.017796774
0.765648088,1.273531605,2.295975424,1.93762432,0.742071693,0.519794269,-1.144655957
0.336011232,-0.287718508,-0.703523225,1.23955114,-0.669515356,0.985740184,-0.484753608
-1.094310551,-0.572553117,0.99078741,-1.349203862,-0.296142499,0.896390389,0.773932915
0.166096161,1.595334506,1.403555125,1.306364996,0.218762198,-0.455423598,0.376744661
1.183812437,-1.50058076,-0.955200657,-0.708202014,-1.200598019,0.923506971,-0.636532255
0.817616513,-0.791486298,-0.602337879,1.824248532,0.275028311,1.06444565,0.09843863
-1.346491598,1.807472233,-0.241718203,0.764436811,1.378452696,-0.22066289,-0.619902805
-0.314144415,0.384880413,-0.344399937,-0.472238489,0.378184578,0.010547213,1.902364992
0.471915143,-0.319941741,1.268083171,1.175632025,-1.199008516,-0.084125751,-0.867984541
-0.677252646,-0.001341614,1.428241448,-0.95827296,-0.293619425,-0.994467368,1.226136611
0.636438357,1.115301167,0.583779283,0.788793467,-1.991661218,0.900231851,0.511715677
0.603958055,-1.662764525,-1.19622473,-0.778709438,-2.622321054,0.008341025,-0.628229644
-1.389273151,-0.211352778,-0.554146732,1.276767854,0.029892894,-1.131496776,-0.909973143
-0.017312356,0.827619896,1.309166129,-0.460328107,-1.566260744,0.051518741,0.967308354
-2.552426597,1.430238334,-0.244242659,1.081546022,1.083143537,1.934164309,1.19072656
-0.575273412,-0.176812313,1.253917221,-1.13229184,-0.548689976,1.732064731,-0.931683367
1.175086885,-0.040015933,-1.16062813,1.341978035,0.423239159,-0.036090597,-3.103815913
0.627687033,0.260759616,-0.610742654,-1.96673313,-0.773031102,-0.529464525,-1.533870178
1.981112975,-1.131504703,-2.105470264,0.148688688,1.175412262,-1.973457089,-0.043338963
0.102901751,2.842003507,-1.685729026,0.343707196,-1.813104853,-0.42425159,0.654706452
-1.250552639,-0.908419938,0.180166646,1.238778627,0.599233395,-0.865196115,1.611369053
-2.747259626,-2.033763563,-1.006654837,0.475193515,0.526757191,0.308248863,0.335465868
1.980021886,1.09315006,0.27464601,-0.765728049,-1.032079442,-0.777034128,0.073177186
-0.966605389,-0.654456449,0.303377222,-0.163397814,0.77685444,0.772588152,0.734442222
-1.632198483,-1.516734992,1.014488996,1.06230699,-0.267462485,1.346770246,0.153053498
0.66084552,0.080462486,0.646402948,0.354353698,0.183486062,0.21382433,-0.895354233
2.451821949,1.175505942,0.746786103,1.271983594,1.278640848,-0.805298322,-1.114265098
-1.808119303,-1.105779011,0.096902012,-0.517824713,1.257331428,-0.020535646,0.733978739
-0.231745897,-0.933375769,-0.999263453,-0.43402685,1.094660205,-2.078288429,-0.080062923
0.195075297,-0.058686929,1.175605332,-1.773168483,0.727947905,1.143267542,-0.837284318
-1.218981432,1.477850141,0.658821998,0.185308661,0.514843346,0.422694428,0.648109685
-1.063316014,2.107775785,0.317758882,-0.293630138,-0.94995126,-0.100307625,0.285257541
-1.198037678,-0.786958589,0.259800437,0.149215386,0.357966381,0.462889538,0.537879402
-1.734953954,1.02140119,0.847886505,0.100958663,-1.425975637,-0.477084799,-0.34324941
0.464102498,0.301081233,0.574743296,-0.019963739,-0.032376388,-0.385777404,0.020107476
-0.195309646,-0.336988024,-0.32425645,1.171102007,-0.47380084,0.626511677,0.911958672
1.049675305,0.386333951,-0.487621149,-1.106052465,-0.141298734,-0.447750269,0.342973293
-0.314058163,-2.577720518,0.617555328,0.471890418,-0.157929337,0.131246217,-0.102339531
-0.261260457,-0.257175605,-0.37584907,-1.017100083,0.82068621,-0.681018427,-0.9639319
-2.051026924,1.327645685,-0.141755838,0.003493464,1.465666142,-0.88781184,0.347986977
-0.887196689,1.831779111,-0.539828977,0.714782184,1.005811334,-2.102817396,-0.011584492
-0.134428395,1.246897575,-0.52146514,-0.665933066,-1.163598603,-0.097914492,-0.194620293
1.03322575,0.895383991,0.022779378,-0.286583588,-0.123768543,1.240559101,0.690377415
0.706998475,1.314803045,-0.694313076,-0.900741914,-1.218899557,-0.732400353,1.215925378
-0.106972952,-1.367111016,-0.09900756,-1.293472164,0.033364573,0.078308423,-0.427377942
-0.135367313,-0.875598019,0.429097379,-0.462904184,-1.328093142,1.43965128,0.907971056
0.413010851,1.046917017,-1.146423719,0.406569948,-0.980477724,-0.976276183,-1.142952941
1.673816743,-0.162534553,-1.289768724,-0.660998852,0.023273746,0.547718047,-0.0206314
-0.081952618,1.817644378,-1.018091157,-1.53652995,0.30793732,0.555639787,-0.800006075
-1.249655674,-0.219962378,-0.977811913,-0.874025911,0.538577116,-1.243523012,-0.20789553
-1.336582135,-0.46571731,0.461571001,-0.060493228,1.798113592,0.133027634,1.186940503
-0.324897987,0.137866859,0.770764934,0.799317675,0.337107377,-0.345458036,-0.843327404
0.988673244,0.707282783,-0.272383689,-1.114962317,0.852783781,0.032971921,-0.584122804
0.428094084,1.415057046,0.675186468,0.787736312,-0.657196669,2.106401141,0.888827635
0.221433825,-1.421352276,1.3876644,-0.652566627,-0.482562901,0.400764313,0.136436112
0.127074961,0.151823564,-0.961361994,0.236098002,-0.384693612,1.329852586,-1.200196524
0.238607357,-0.102313179,-0.211019457,-0.309180323,-1.136075892,0.711165701,0.594691333
-0.386296737,-0.399251056,0.698962236,-0.916944095,-1.446377361,1.655366045,-0.394036476
-0.322699495,-0.476104365,-1.375814967,-0.439332417,-0.500200563,-1.910464769,-1.166903341
0.396443558,-1.07596945,-0.254292619,0.510272861,-0.354077203,-0.409457368,-1.690086256
0.088543232,0.802594863,0.930919744,0.468321021,-0.349848332,-0.115126139,0.476967333
-0.924802851,0.707129406,0.06498411,-1.005968623,-0.32740946,-0.670096702,0.596471802
0.548520516,0.812489607,-0.943651642,-0.584846483,1.197540838,-1.376718274,-0.755020396
-0.668198156,-0.893897971,-1.381739844,0.325538423,1.77201064,1.096078228,0.173911364
1.107241948,0.806921462,0.162360671,-0.997572727,0.439157273,0.999602102,0.08777284
-3.259494582,-0.646075356,2.82932273,-0.161364639,0.086157476,0.011092099,2.204391958
-0.098961052,-0.155372517,-0.34228685,0.82622576,-0.761864436,0.379364419,-0.658967492
2.511385964,0.026526023,-1.120169363,-2.169258076,-0.384962097,-1.487252284,-0.69681026
-0.12095754,0.343366866,-0.700505442,-0.652454814,-1.3364144,-0.020769346,-0.227915326
-0.022661416,0.578284541,-0.461855218,2.388733043,-0.307446243,-1.007477451,0.658335869
-0.149759407,-1.167458052,-0.2572138,-0.919371921,0.466612512,-1.000060548,-1.707406631
0.112470863,-0.163780272,0.852586021,0.773120868,-1.391614782,0.380003582,-0.067134832
0.008255882,1.877394579,1.626795639,-0.375132841,1.438241923,-0.913224241,-1.017951365
-1.690542279,-0.547601157,0.311327951,-1.134361421,0.232588721,0.415279845,1.261805698
0.300211512,-0.605275908,-0.502248452,-0.363546591,-0.392102537,1.538977892,-1.247665808
0.705627156,-1.210936113,0.329084744,0.888374435,-0.006124535,-0.435377197,1.082871816
-0.515571556,1.087644275,0.228050796,-0.429746773,1.094247679,-2.096717895,-0.553046134
0.352669017,0.304608403,0.13853093,1.059562909,0.219420666,-0.602904797,0.384239145
-0.927852994,0.715924751,-0.724826511,1.853377854,-0.197600203,-2.040103722,-1.055754558
-0.034056383,0.429633064,1.320362852,0.306462492,0.204497269,-0.467711328,0.116219513
-3.438205154,-0.214317635,-0.500019807,0.177270008,-0.163980501,0.081958861,0.336253725
-0.323021417,0.39755689,-0.183678061,-0.630506874,0.407444736,1.41574378,-1.052937271
0.401768661,0.068136948,-2.374459551,0.933583779,-1.107403082,0.488356025,-1.456508954
-1.124347307,-0.052757532,-0.502141087,1.427508825,-0.595545351,-1.618707295,-0.944607646
0.790019739,-0.724406972,0.023049993,0.683795946,-0.10008632,-0.537471913,0.303880527
-0.424466351,0.269053207,-1.630909513,-0.242090469,-1.402507082,1.690798827,-0.513038392
1.59642796,-0.119250121,-0.102634665,2.603258832,-0.36390862,-0.968626864,0.513040712
1.169338968,-0.905905118,-1.321212725,0.738768067,0.319443376,1.59532544,1.614210657
-0.136249093,-0.321702146,1.142510996,1.462466738,1.422534635,0.648161266,0.350388344
0.697431499,0.080364422,1.711604584,-0.020222033,0.115473585,-0.346965352,-0.877844376
0.323073851,-0.236814481,1.688912575,1.759738412,1.398206432,0.360930786,0.069023091
0.111158264,0.340727854,0.231232791,-0.874085993,0.378704883,-0.504373531,-0.446074414
-0.762190621,0.204524927,-0.128940472,-0.29151356,-0.680769071,-1.226006163,-1.239627392
-0.24670663,0.498632758,-2.431385295,-1.545983089,-0.619379965,0.435179241,-1.1848473
-1.019197717,-0.350811714,-0.522024698,1.846920459,-0.537271018,0.153138228,1.079864316
0.801347907,0.403925361,0.350169325,-0.906291164,0.488408114,-0.412987497,0.69244899
0.392594476,0.929471707,0.331029727,0.059076914,1.095237575,0.109743276,-0.160093556
0.1413251,1.450633737,0.685002907,-0.667173322,-0.167650657,1.13585569,-0.653280544
-1.260926443,-0.752631921,-0.729145166,-0.576146922,-0.715359339,-0.378288351,-0.365114039
-0.131908814,0.791549466,-1.079710705,0.560969381,1.382798086,0.00977001,0.939765872
0.251728106,1.292671127,1.201262457,0.216294465,1.16785345,-0.95535529,1.162823508
-2.44165919,0.049871353,0.346550856,-1.473432065,-0.945565395,0.297807454,1.488456397
-0.615552956,-0.376477052,-0.725604217,0.218139579,0.062159359,-0.948675082,0.808930655
-0.601017501,1.067925998,-0.121516569,0.934065493,-0.022861375,-1.702723456,0.682638214
-0.843254266,-0.731480013,-1.808257363,0.495118093,0.947532497,0.557803037,0.330149512
0.405225397,-0.088959118,-0.292040579,0.732692853,-1.125227101,0.354856784,1.781160267
0.32433238,0.24089203,-2.113849416,-0.389345253,0.682137346,-0.527917884,0.546769915
0.928675909,-0.672837536,-1.875121083,-1.193614093,-0.414291699,-0.392335333,-0.833425934
-0.448231219,0.096988698,-0.935140058,-1.306800046,-1.019601042,-1.301799253,0.750463616
-1.749808585,-0.140576443,0.33047948,-3.192103822,-0.55145964,-0.151090982,-1.079240159
-0.057540793,0.119943196,-0.410192188,-0.735571477,0.473557226,0.704695227,-0.649357276
1.201270332,0.286050539,0.414932501,0.005153247,0.083258488,-1.505088307,-1.289122084
0.785263273,0.069583208,-0.801257279,-1.583024901,-0.52544007,-0.431765001,-0.022669625
-0.394954394,-0.296037047,-0.022214965,-2.144702033,0.015807192,-0.64369867,0.782812862
-0.825938646,0.14784259,-0.466862054,-0.899601063,0.523086281,-0.990852634,0.788946628
0.933287843,0.339543891,0.336185649,-0.213232278,0.140488493,0.789754339,0.459748344
0.258959011,0.592233927,-0.170297183,-0.940030907,0.854494178,0.319916938,-0.727750058
-1.353905505,-0.122926016,0.539293962,-0.061679965,-1.596982129,-1.429817281,0.813870746
0.879202736,-0.913149879,-1.680909819,-1.277937576,-1.238275813,-1.254178997,-0.514421018
-0.262338642,1.516731969,-0.274099208,1.566175354,1.547967003,1.454595077,0.544976719
0.867851086,0.241217612,-0.161907394,-0.174388168,1.242943695,1.794906183,2.964488198
-0.867494527,-0.197858983,0.372576344,-0.319905736,0.392040751,-0.034579851,-0.158532725
-1.36926375,-0.401700541,0.945709892,-0.155655046,0.544455052,0.439107446,0.817981608
1.247455606,-1.402736843,0.786626026,0.539187106,-1.120604408,-0.588278888,-0.61551173
-1.367963623,1.613563318,0.782568727,-0.668113205,-0.146123268,-0.881614825,0.274314159
0.807603883,1.19811711,-1.260310276,-1.6645345,0.721641744,-0.770989755,0.131274015
-0.728402688,-1.022159175,-0.028779168,-0.630474634,0.662487132,0.970893509,-1.028399547
-0.008604636,-2.088676845,-0.047613452,0.490484192,-1.6325067,0.355594366,0.416798047
0.085591697,-0.438811502,0.648290759,-1.310649765,0.642280558,-1.290146394,0.328693734
-1.045047642,0.440372359,-1.495775433,0.14634779,-0.202614824,0.008668699,-0.107141896
1.140155779,-0.371808314,-0.23117162,-0.245515505,0.788842738,0.439437911,-1.722333179
0.707650377,1.557264461,-1.813156911,-0.290671567,0.517549028,0.549796915,-0.380956501
1.053844785,-0.17517671,-1.183777297,0.251961821,-0.916485356,-1.41585717,1.199281061
-1.539490754,-0.440753369,-0.555059041,0.286707317,0.988137384,-1.544440416,0.361605062
-0.112307026,0.764604743,0.320634494,-0.842120707,-0.737196738,-0.561089445,0.091417566
-2.410217449,-0.120978902,-0.751998695,0.007305995,0.997979265,-0.133114758,1.246843044
-1.314449359,-0.223592206,-0.021865529,1.467734254,-0.188255933,-0.487588443,-1.027033663
0.33372204,-3.495027508,0.41653314,-0.742504541,0.56571057,-1.566123014,0.001115138
0.173874153,0.325970169,1.378677058,-0.099162789,0.68705014,-0.722341154,-0.456196004
0.788771009,-1.716207579,-0.267660516,-0.889163441,0.245413893,-1.304355504,0.528542396
0.494978119,0.165796429,-0.124743196,-1.405554516,0.576130938,0.271681727,-1.608927256
-1.430170804,2.038896325,-0.483611636,0.376563007,0.983088917,-0.26692453,-0.618836672
-1.233990557,0.534465716,-0.089596237,-0.449677291,-0.029070719,1.248675044,-0.18305788
-0.890756592,0.083813971,-0.813513881,0.418350755,1.081435244,1.433668468,-0.76477315
0.161113155,-0.148470968,-0.420484153,-0.219999651,-1.528267956,-0.451341106,0.904568235
-0.147838851,-0.350059208,0.094808296,0.156412408,-0.667181507,-0.15385883,0.561689192
-0.255547218,0.81394848,-1.460006366,-1.706452189,0.121025397,0.742285255,-0.263042719
-0.10290999,0.300225437,-0.525620217,-1.278502898,-0.486904838,1.070654148,1.625415145
-1.066201181,-2.08311313,-1.976330255,-1.124952543,0.766688375,-0.675058574,-0.822000546
0.463911028,0.133880457,1.313500177,1.833042376,1.254195336,0.740322968,-1.380293292
2.12111553,-0.088362934,0.11750685,0.601284217,0.061648849,-1.916454791,-0.173696057
0.713406429,0.621431432,-1.963356062,1.787431468,1.658804968,-0.116465899,-2.011934382
0.637046264,0.033974339,-0.629731965,-0.370496008,-0.00386118,0.221344567,-0.224646022
-0.849221585,-1.489348033,0.96005358,2.156445982,0.491189248,-0.388288158,0.882324448
1.773374866,1.253671789,-0.954649813,-0.588483637,0.100474301,1.528883662,0.803864053
-0.605383739,-1.581751018,2.219030373,0.014873614,-0.062316835,0.350359282,0.126457689
-1.10664896,-0.520429288,0.797263139,-0.381527665,-0.829238756,-0.425337166,0.599974835
-1.490831944,-0.597742244,0.74842662,-0.848612778,-0.258890966,-0.752202252,-0.54305659
1.464218507,-1.201105306,0.21663304,0.968956363,-0.107932205,1.305290544,-1.345976235
-0.90793524,-0.17763891,-0.481510142,1.693784358,0.205948323,-0.856266587,-1.89220731
-0.507093387,0.429037987,-1.062777076,0.041848592,-0.818426624,-0.16450231,-0.586271237
0.69770047,-0.663679291,0.260820088,0.112565992,0.174526131,-0.855578146,-0.446821301
-0.432136324,0.781856974,-1.610914075,-0.003360563,0.217056872,0.367512528,0.172512811
0.425406831,0.166583806,0.515327945,-1.744716558,1.087351834,-0.222551093,0.99568559
0.523563959,-1.054386327,0.465275939,0.491718106,0.10509221,1.016790038,0.775699992
-0.670491002,-0.558897199,0.274211447,0.504989296,0.677487659,-1.086019228,0.94817011
1.31013892,-0.754060529,-1.911708993,1.315566441,-0.297074988,0.357302594,1.237891515
-1.120062602,0.362600014,-0.862761085,-0.510800171,-0.517802907,-0.397639266,0.835100294
2.246392569,-1.566820877,-2.125476835,-2.168231822,-0.105575045,-0.85772261,1.17582754
0.60604886,-0.119266628,-1.672760566,-0.88538554,-0.798913798,0.293689256,0.362050968
0.810300259,-0.299922576,0.119731126,3.271496958,0.316712892,1.416310038,0.806164892
2.322135521,-0.167552945,-0.931584931,0.554424576,0.139530377,-0.75224838,-0.795358982
-0.890344952,-0.163068345,1.846057843,1.410241874,-1.766426701,-0.515575846,-0.142282316
0.884764175,-1.29628535,-0.258654429,-0.099866942,1.639922876,1.897557345,-0.183220343
-1.067131238,1.091754411,0.70349307,1.388570922,0.742781703,-2.867448925,1.12903808
-1.483761004,-0.61271931,-0.691590322,0.287214495,-0.696591306,0.204933385,-0.252596614
-0.267949865,2.454484157,-0.255496061,1.574539979,-0.800854112,-0.750258286,0.240969933
-0.828417422,0.22865783,2.30391165,2.578227963,0.596033907,-1.521346585,0.975679501
0.74696402,0.861013197,0.844692341,-0.760761814,-0.168890869,-2.560366502,1.400652035
0.432283477,1.926271591,-0.606952533,2.984350698,1.284416762,-0.59128438,-0.567592285
-1.107868135,0.315535111,-0.505173205,-0.267629555,0.610965207,0.197335982,0.013646812
1.725508502,-0.845738753,2.283018591,-1.925178299,-1.9676516,1.253218011,-0.043285617
0.525464303,-0.87010837,-0.692157597,-0.058420217,-1.240626937,1.434830167,-2.880736675
-0.849363104,-0.77829642,0.558393262,1.34643999,1.534728729,0.197539427,0.930232377
0.337823705,-0.096880425,0.135855683,-0.618420296,0.431498969,1.967368484,-1.240876136
1.07704149,0.143489262,-0.697585353,-0.980606161,2.230362019,-0.091302795,-0.503439107
2.555596762,-0.263681348,0.410075846,0.604943256,0.394533801,-0.544002291,-0.979597801
0.50558994,0.616608022,-0.305981264,1.126696691,-0.485868458,-0.604548025,-0.817103789
-1.305026435,0.378978051,-1.718265601,0.817635852,-0.330477605,1.16732027,-0.398125856
0.330659161,1.6829093,1.017519305,-1.116613908,0.870536624,-1.415838182,-0.656601976
-0.309736991,-1.320838125,1.19112908,-1.205169281,1.26350954,-0.220139587,1.128631902
1.221863276,-0.37562022,-0.463511679,1.325868917,2.718179934,0.93272153,-0.97200272
-0.177629441,0.727874468,-0.244572,-1.375715882,-0.237727024,1.198957383,0.095363352
-1.421363389,-0.400321769,-0.73212085,-1.427969384,0.186869476,-0.1195348,-0.337579176
0.018318641,-0.494311259,-0.54717373,0.469969832,-0.697305672,0.554560047,0.78364434
-1.181167895,0.106421533,0.841832379,0.130361695,0.654075912,-0.633237658,0.114091342
-2.28366591,-1.465273905,0.600234756,-0.942727924,0.485625114,-0.653645504,1.681976197
-1.23412927,0.368428492,-0.940655813,0.029985322,-1.578768875,-0.289917528,-0.222386844
-1.128228482,-0.181811595,-0.844338097,-1.305143866,0.545151942,-0.521635513,1.282457239
-0.441315389,-0.992214925,-2.727238395,-0.89408638,2.397951485,-2.097032929,1.380717713
0.202582729,1.97338587,-0.368219941,0.767450681,1.874351456,1.622680474,-0.04684752
-1.950780125,-1.486946525,-0.060402967,-1.328927984,3.078906746,-2.117715759,-0.402335034
-0.595181853,-0.554899379,1.684349035,1.580962474,1.344209345,-0.14662041,0.128652048
1.348119731,0.793785311,-1.570183717,0.566487386,0.391882836,-1.941946331,-0.118371542
-2.060851456,-1.33630973,0.6531453,0.97689178,0.539174871,0.253493172,-0.684319798
-0.430472791,0.201863824,2.7356759,0.23640999,0.492405551,0.114859795,-0.579273115
-0.078526579,-0.079438601,-0.477959811,-1.768884215,0.810115273,-0.191218971,0.309254946
-0.142172956,-0.391414719,1.547326111,1.338369691,0.543531257,-0.35253824,-1.187315803
0.591739487,-1.122708965,-0.361997086,-0.821668644,1.320502584,-0.200262345,-0.82053661
1.052704604,1.13454881,-1.325950578,1.641969221,-0.55342692,1.847580957,-0.389528932
0.424773834,0.872710431,1.056560862,0.190597715,1.007074142,-0.98832403,0.057031043
0.096875703,0.028401173,-0.522256776,0.823489377,0.611997902,-0.027242633,-0.586343593
0.03297721,-0.201542108,-0.498692162,0.660076504,0.680929428,0.613067746,2.047565872
0.521319402,-0.026004596,0.062506927,-0.237814871,0.744867429,0.358460772,0.008030991
-0.028654109,-0.848192528,0.972609149,1.649300864,0.252403041,-0.213322357,0.830800623
0.925336757,-0.138809797,0.300839912,-1.026623338,0.407707195,1.145862877,-1.04591651
0.328164126,0.619112024,0.469123745,-0.71351017,0.287315671,-0.453554009,0.030437445
-0.482040619,0.063647911,-0.779303079,0.609104229,-0.573831691,0.975133409,0.187660658
-2.495446269,1.416454884,-0.045181674,-2.038445173,-0.610042082,-1.163465098,0.098296196
-0.748712281,0.936432433,0.317517621,0.134411653,-0.046308781,0.979614566,0.709928908
-0.84708133,-1.568135807,0.343058425,-0.507086283,0.460809076,1.207862327,0.990538641
-1.404921461,1.152085786,0.442325597,-0.19448901,0.449559614,0.42942473,-0.422621143
-0.118658515,0.467195412,1.208442527,0.986777292,0.676775955,-1.174308764,1.409476399
-2.282121544,0.541079906,0.856931106,0.896607955,1.706269852,-0.262503307,-1.143486028
-1.605363001,0.509992897,0.611369974,0.194253517,-0.811459745,-1.776755169,-1.603047539
-0.063531866,-0.533432342,1.090534104,-0.397835258,-1.016354939,1.533091826,-0.850273929
-0.903824641,1.388608155,-0.963246422,1.346937787,-0.863961531,1.040993835,0.104250799
-0.136509107,-0.423904532,0.609972987,0.218271483,0.620239636,0.996025153,0.641575489
1.750860835,0.338237479,0.568088189,0.759274034,-0.057674549,0.653132262,0.457393589
-0.243176718,0.030098215,-0.562843074,-0.773377245,0.681693216,1.409745653,-1.13323956
0.964751086,0.962124797,0.649174404,-0.975070405,-1.105219343,-0.523666123,-0.222612462
-0.583162301,-0.41049028,0.960838655,-0.682173295,0.203171952,-1.08809321,0.997012791
0.007513013,1.639224964,-1.784001957,0.254473224,-0.994365517,0.971062461,-1.780226612
0.387045339,0.04758576,1.150303761,-0.005550329,-0.535559815,-2.072736767,-0.492046201
-1.467476068,-1.440808041,0.606995363,-1.446522032,-0.306109715,0.421969462,0.158901001
-1.433818305,0.43813712,1.542404309,-1.115234502,1.408028904,0.11323685,-0.726452786
-1.058085228,0.802305066,0.215497241,0.046558027,-0.070304622,1.248049469,-0.378379215
0.247137533,0.467090783,0.049949748,-1.467866532,0.11287986,0.359255413,-1.280989178
-0.914976242,1.724171752,0.004842265,-0.580529382,-2.262054953,1.059268926,0.109878009
1.008831245,-0.641416976,-0.887198967,1.099794143,1.086367129,0.581308116,-0.781618803
-2.50020732,-0.004168935,-1.698051467,-0.765811746,-0.314342499,-1.107571372,0.204512009
1.010776798,0.382349091,0.999463245,-0.033130887,-0.189107071,1.197022628,1.075926442
0.303272759,-0.510920243,-0.43333846,-1.147364255,1.047777822,0.904939052,0.623168117
-0.235527869,0.029057761,0.53509522,-0.15227215,-0.776818042,-0.9655672,0.982334429
0.033424673,-0.198736248,-1.48251594,0.247031915,-0.537703596,-2.036794962,0.008705602
1.684088679,1.663456234,-2.147679754,0.443392098,-1.12701491,0.748228057,-0.223685757
-1.045098205,0.096600117,-0.107355067,1.108411155,0.497038913,0.319038796,0.58360675
-1.649503357,-0.080876798,0.740267127,0.11767187,-0.955833172,-2.739302235,0.090220251
-1.719846664,1.651387347,1.321739812,0.845081927,2.03375556,0.556509741,1.017856784
-1.114842668,-0.491263469,0.306567236,-1.830872026,1.105714469,0.014202886,-0.119354212
-0.170742087,1.640319819,-0.71247622,0.559985446,-0.44836159,-1.157049293,0.703133231
-0.311117191,-2.152514439,0.813178066,-0.776182107,-1.551425805,0.08344992,-1.448110995
-0.343624222,-1.124708958,0.69290409,-0.162926266,-0.58740639,-0.356493976,1.57642922
0.578095178,0.25463048,1.62997196,1.814840088,0.402818784,1.355863666,0.080533989
-1.289670758,0.486125439,-0.728922681,-1.253333551,0.302995535,-0.245580261,-1.531783605
0.007288254,-0.018776527,0.34330485,-0.492561213,-0.577315788,0.099352777,-0.273451454
-0.757141938,0.114889025,-0.800113257,-1.334005154,-0.251758101,1.346475338,-0.339396464
-1.521999266,0.235011253,-0.431061054,-0.95855409,0.256665624,0.53904229,2.247090974
-0.583050352,-0.08900098,1.029876497,-0.448251305,1.051728579,-1.86828144,-0.326143563
-0.649404873,0.893039159,0.692930112,0.072580695,0.090094852,-1.091058486,0.674337881
-0.819683589,0.008487691,-0.547672973,-0.842793767,-0.182499627,1.130204354,0.025202371
0.950295729,1.009962507,-1.119466331,0.108978673,-0.544373904,1.688448141,-0.04701027
0.879637086,-0.855827399,0.341840585,-0.176471337,-0.143898092,1.078121899,0.886370955
-1.641420509,0.874639454,0.265317253,0.102802912,-1.190624167,-1.521778911,-0.677017747
-0.84477556,0.131271151,0.964386715,-0.485732629,1.18947265,-0.286255041,0.672430398
-0.213929113,-1.066483984,0.328357951,-0.704237213,0.510820072,1.004191194,0.13205739
-0.230690393,0.917304171,-1.150420245,-0.675346094,-0.746718538,-3.071359884,0.43712025
-0.176116711,0.085585638,0.438504898,0.837061887,1.66703941,0.892673914,1.263555048
1.045701297,1.888343248,-0.739339869,-2.074582385,-0.397111343,-0.319431994,1.010644118
-0.109187995,0.85569694,0.681750544,-0.026680417,0.697589746,-0.049437903,0.060995746
-1.400073622,-1.535979282,-0.362129418,-0.687322675,-0.086391782,-0.786952677,-0.332000424
-0.101162661,-1.076373803,-1.424389181,-0.760447824,-0.431797482,-1.173080644,0.777495482
-0.835262233,0.064940847,-0.349892265,-0.459625558,-0.015335166,0.96263584,0.553100437
-1.26929281,-0.615347616,0.411632902,0.692739985,-0.06144811,0.066704497,-0.199510242
2.065834597,-0.877486727,0.684120312,-0.309342611,0.352789286,-0.525152678,-0.169697086
1.21972394,-0.093936251,-0.103661907,0.015275532,-0.092174487,-0.774701833,-0.641290956
1.856283878,0.205314436,-2.593012179,0.439346943,0.255226187,-0.400348217,2.020103926
0.889106451,-0.040619672,-1.733888001,0.145612823,0.295705352,2.671396446,0.217318231
0.820019597,0.035354171,0.938012709,0.346927174,0.288092768,-1.945929847,0.116940136
-1.285433025,-1.054633761,-1.864934644,0.377932799,-0.736247319,-1.449369727,1.322874247
1.160632095,0.290545697,0.747738035,1.553028447,-0.981748975,-0.83348649,0.428912092
0.453144878,-0.711357092,-1.400825436,1.36472538,0.720964903,0.66973785,-2.20214333
-1.341903031,-0.546314759,-0.996745789,-0.80895816,-0.543547347,-0.801369727,2.017128106
-1.012502369,-1.971571953,-1.312230782,2.50940966,-0.749643135,0.220668593,-0.178273272
0.040528374,-1.241411782,0.041953665,-2.850457623,1.880127964,1.470876499,0.403108764
1.083495698,2.165826703,-0.701611779,1.595110137,-1.296168908,-1.433529488,-0.58653987
0.660294136,-2.31378917,-0.201489135,0.995607739,0.398084637,-0.710745323,0.544733907
-0.862548785,-1.306589399,0.403582732,-0.262195138,-1.422723211,1.164495095,-0.369128582
-0.210675295,-0.00676621,-0.819321053,1.438889125,1.288206416,-0.99739915,-0.355549476
0.583611465,0.660425874,-1.172593607,-1.248712958,-0.102017373,-1.524160658,0.581321151
-0.718154333,1.425558092,0.08617645,0.884715944,0.684976186,-0.649206532,1.539825132
0.53148543,-0.34660936,-0.413540782,-1.41136456,0.363661869,0.611134024,-2.263735705
0.692013263,0.179524898,-0.478877691,0.318143308,-0.1066613,0.13598946,0.087164727
-0.439092423,0.16819642,-0.858221064,-0.684581988,-0.572078012,-0.266801084,-1.355853365
-0.352116927,-0.639844899,0.412183025,1.432829786,0.393240856,1.113979438,0.490018447
-0.235155804,-0.318027625,0.605800903,1.507882948,-1.011579283,-0.40767979,0.003038929
0.828062074,-0.40149373,-0.295191425,0.155981169,-1.112678874,-1.696085171,-1.065667984
-0.520463731,-0.724348278,-0.029541258,1.250207533,0.799662629,0.402073975,0.381556391
-0.743723827,-1.740454994,-0.918079327,-0.184865074,1.784223077,-0.75903778,0.704868245
-1.321095194,-0.115589939,0.643191726,0.092376911,0.794864152,1.508847654,0.685827849
1.256572232,0.313279678,1.146435711,2.217358805,0.011548686,0.520829695,0.013695934
1.038349541,-0.002853139,-0.0850215,0.509155079,0.924036945,-0.466320862,0.203963308
1.820430853,-0.155419073,0.409983025,-0.25293788,0.714156147,-0.287797552,-0.029011043
0.259916187,-1.623012805,-0.273732714,0.203634203,-0.911891572,-1.821696434,1.122074223
-1.057780646,0.064596991,-0.879006477,2.736754224,-0.948672189,0.470395234,0.604856247
0.480314655,0.060953101,-0.252155104,-0.97095897,0.391499135,0.805098546,-1.321604444
0.040206294,0.572206488,1.568724021,0.629355267,0.790764359,-1.090951418,-0.406139655
0.066881213,0.360963514,0.777568728,-0.376952163,1.232624795,1.964073593,-0.056969338
-0.079386067,0.945997753,1.389759545,-1.006535069,0.493636415,0.220772811,0.475918222
0.005787165,0.404072543,1.322401285,1.228703199,0.955735113,-0.667377835,0.33994631
-0.048806614,0.107075642,2.246188579,-0.306046145,1.417305673,-1.406876373,0.44808897
-0.860806024,-0.572803653,-0.158864017,-0.395811903,0.709139682,-0.713468434,0.119410616
0.604198537,0.750249951,-0.763904903,-1.315819002,-0.130900358,0.633764852,1.008583242
0.234834062,1.244058325,-0.754432491,0.204795896,-0.007492459,-0.445415083,0.183573187
-0.054395675,-0.672659802,-0.569773831,-0.849446234,0.166509479,0.527933937,-0.34603012
0.909571948,-0.407661219,2.645040667,-0.713470063,0.272254708,0.438428889,-0.760474943
1.157185939,0.238337843,-0.192146358,-0.801354054,-1.023624021,1.423649321,-1.090816505
-0.157930635,-0.048384252,0.524222094,0.248927871,0.514816229,-1.584767691,0.225665534
-0.229116659,0.57505813,0.225008083,-0.882710948,-0.580161075,-2.136501045,0.796611262
-0.403438648,-0.231165227,0.890421065,1.248009239,-0.230352821,-0.219930673,0.145314213
-0.675026546,-0.074542827,0.416478006,0.748753417,-0.452810211,0.609305101,-1.456304731
0.706492074,-0.35494459,-0.511928686,-0.334487183,-1.920906865,0.169586577,0.078622106
0.122354989,0.013855077,-0.803294038,-0.037979107,-1.238652863,1.720307157,-1.226923393
1.035514151,-0.457502475,-0.195719577,-0.135591553,0.083816896,0.372923061,-0.79567904
0.781258823,-1.237133185,1.68892837,-1.716691478,-0.851879578,1.218949397,-1.827358183
0.503232563,1.449064051,-0.46187096,0.58518804,0.920628226,-0.314712015,1.299504666
-1.187022844,-0.045619576,0.561836574,-1.533526411,0.579683451,0.065301446,0.825876426
-0.239314944,-0.621654433,2.244663894,0.680671837,1.153875665,1.212573078,0.670490246
-0.183686941,1.36134856,-3.089466748,3.28347474,0.493276578,-0.054820318,0.56684949
-0.267063829,0.812425242,-1.745981505,-1.159844655,-1.048908909,2.278715819,0.940342445
1.395520068,-0.246392186,0.340852807,0.305362817,-0.354657892,-0.242453807,0.572859562
1.622961401,0.855275543,0.429385391,-0.38659123,-1.389303122,-0.654036849,-0.041419396
-2.316772518,-0.561060246,-1.561736597,-0.476211509,0.102683237,0.671550151,-1.445936007
-0.861746406,-0.00038458,0.992420217,-0.036738104,1.696478944,-1.091134648,2.158487281
0.252076784,-0.401723098,0.977094214,0.690075312,0.689427413,0.323702366,0.190539542
1.811799582,-0.487505979,0.282647971,0.129531587,1.039560895,0.824035198,-0.06732817
-1.58494134,1.105331765,-1.519269408,0.701251817,-0.146248457,0.263806181,1.551061423
-1.053825756,-1.585252533,-0.026685221,0.011669143,0.03453941,0.053546072,-1.096997271
0.046713098,0.105170622,1.108278168,-0.854284028,-1.372270035,1.046817219,-1.178030943
0.350874583,0.479623417,-0.691465932,-2.088972789,0.399528211,0.405654555,-0.223389208
-0.886663404,-0.853260876,0.331155638,-0.989133817,0.182522905,-0.608584243,0.014847716
-0.144881525,1.010213316,1.267356271,0.269078207,-0.685364895,-0.243036561,0.457393513
-0.310283409,2.388698285,-0.893515793,2.064787493,0.835080851,0.662540151,-0.45976308
1.27002376,-0.645013612,0.898152653,0.896019637,0.830533374,-1.563431829,-1.082054328
-0.450625706,1.100503608,0.637851975,-0.979214659,-0.343005169,1.082612212,-0.354138403
1.286788515,1.534767257,0.040515908,1.325365632,1.28589634,-1.013153365,-0.372947979
-0.282079893,-0.300099085,-0.433888943,0.324394324,-0.790163467,-0.457353887,-0.61663766
0.756905131,1.648354911,1.042845581,-0.239272254,0.039219498,1.170234306,-2.52458331
-0.05170889,-1.252363259,0.098284773,0.317883691,-0.273988043,0.6844017,-0.380520161
-0.111229331,0.174115718,-0.349270128,-1.654115489,0.045126634,0.821526873,-1.847432017
-1.142972522,0.341821747,-0.134787309,1.086714315,-1.117591758,-0.914771135,-0.371609698
0.268697947,0.304570303,-1.114374092,-1.270233145,-0.847070432,1.968474991,0.600219635
0.60190378,-1.356537719,0.056016441,-0.09398249,1.23683189,-0.36458697,0.494863683
-0.428169166,-0.511429697,1.315919607,0.779784333,1.694147793,-1.121223661,-0.380908814
-0.424084755,-1.198342345,-0.620843284,0.756440291,-1.055878814,-0.705217978,0.213936632
-0.653032801,-0.054255529,-0.312259278,-1.213086157,-0.385978551,-0.19809369,0.884994694
-0.935321798,-0.881299409,-0.69473015,0.765789266,-0.467688881,0.772781175,-0.098366989
-0.208545758,-1.01001576,-0.319055015,-0.904368999,1.190755576,-0.25975065,0.562376291
-0.812312056,-2.386912063,0.32050808,-0.573343154,0.149062747,1.757249665,0.004972372
0.272997217,0.165756671,-2.083627673,1.416283162,-0.751742125,0.983344079,-0.282561071
-0.670619099,-0.000861323,1.638209639,0.367231479,-0.615877664,0.063100054,0.143250741
0.946877088,0.190245127,-0.596721042,-0.267987346,-0.795499028,0.917298924,0.795442848
-0.550590257,-0.160085951,-1.242231274,0.274094374,1.282443607,0.259721813,0.29006807
2.148568532,-1.353627818,-1.594349374,-1.537768718,0.947776761,-1.065683677,1.325570674
-0.15793249,0.375678356,-0.407204997,-3.084084888,0.228489126,0.975424458,-0.135217944
0.998869363,-0.675236202,-0.159203136,-0.86250552,0.89875172,-0.588541603,-1.573305031
-0.928133666,-0.84880553,-0.109030018,-0.519972547,0.519581567,-0.165240025,-1.687549145
0.682402404,-1.5763749,1.153371402,-1.935987141,-0.031391004,-0.147616948,-0.776004357
-0.518701688,-0.223368366,0.253601238,-0.409843048,0.146683441,-0.457943957,0.386661111
-0.121247228,-1.463318474,-2.070196096,-0.316234903,0.202809258,0.017560632,1.70603743
0.764214345,-0.525064705,-0.053749659,-1.063289568,0.394665735,1.461996205,1.198258658
0.120088562,-0.674479854,-0.094252154,0.233272681,2.454241186,-1.000719998,-0.245076506
1.199598373,0.75889452,0.508966605,1.616541753,0.399603692,1.260818981,-1.123462332
-0.609012179,-0.713076071,-0.953764081,-1.552616949,1.692296982,-0.373308116,-0.840807812
-0.570955745,-0.433063316,-1.062258432,-0.145117088,2.075397184,0.327228499,0.470117512
-0.721159163,-0.169554644,1.433109351,-2.312809794,0.409999747,0.551629999,-0.063614463
-1.4260394,0.974567153,0.594714047,0.582198193,-0.750729999,-0.945612204,2.127488351
-1.092291069,-0.97793138,-0.695173988,1.204323751,0.454969969,0.502928783,-1.272415331
-0.17535554,-0.348959609,0.092789031,-0.765583288,-0.357411428,-2.744236195,0.153528884
1.749283574,-0.583427251,-0.165750364,0.752183066,-0.443605405,0.467228114,-0.941377847
-0.839460361,1.447493228,-0.681215311,0.490165882,-0.364113835,0.556115581,-1.109317409
2.251745907,-1.732299653,-0.609093877,-0.344588578,0.364914177,0.53482804,0.029298959
1.084105994,-0.239222312,-0.937053325,0.276701206,-0.276519546,-1.251621254,-0.110977088
-0.032223168,-0.268595386,-0.632301506,-1.068207857,-1.203490197,-0.843523735,2.115144152
-0.441274705,-0.830690041,-1.674818082,1.450881317,0.953527853,0.84837666,1.100500151
1.701644433,0.804674867,0.177967509,-0.442157254,-0.618956163,-1.431964174,-1.15899521
-0.537847248,1.280914244,0.476115963,0.685478994,-0.862718721,-0.856939154,-1.64512884
-0.870915335,0.250803116,0.555389936,0.465058139,1.423726977,0.441698965,0.057329364
-0.433987641,1.125447478,0.333108678,0.221137676,-0.235768152,-1.060645541,1.722636655
-0.238943691,1.177459411,-3.043965503,-0.84612615,0.317657644,-0.346833852,0.448404721
0.673515834,-0.778973542,-0.748420209,1.181842647,-0.441302286,-0.623634877,0.286891493
1.006262708,0.021443925,0.007272594,-0.173415931,-0.195521999,-0.710574772,-0.134140347
-0.081475478,-0.261230009,0.301878077,-0.966830914,1.372984918,-1.171601514,-1.302823144
0.706044211,0.340226924,1.268568724,1.069411472,0.124663752,0.658576206,0.42863548
-0.714773875,-1.168255744,1.195004611,0.13100766,-0.243253968,-0.302836661,-2.447619867
0.601122722,0.967356108,1.529598863,-0.016738122,-1.222137134,0.367842601,1.819312244
-0.800901348,0.248852218,1.369126554,-0.577325106,-1.395994555,-0.434861565,0.373863351
0.243454061,-0.546204299,0.491634571,0.877573987,-0.867221537,0.170265164,-1.401659233
0.270951966,0.330582842,-0.837427189,0.471805249,0.275390563,0.824642758,-0.395707173
-0.133707715,-0.401121976,-1.75570819,1.745273134,0.872130348,-0.400169947,-1.008365966
0.162985812,1.546072117,1.318331978,-0.696080476,0.784513548,0.651871775,-0.110707403
-0.038519659,-0.570569131,-0.060920695,-0.82980359,-0.75107598,0.396232564,-0.006257769
0.795426056,0.764184881,1.365205908,-0.301967371,0.233380745,0.691419377,-0.899116132
-0.046680365,-1.765268022,-0.057058235,0.381674921,-0.626373479,1.41564984,0.282682164
-2.351286994,0.52824029,1.100695559,-0.134419004,1.06869305,-0.250200553,-0.955289603
-0.176659666,0.835430183,0.282996156,-0.347809732,0.230647202,0.233859798,0.444624832
1.775362327,0.317740184,-2.133158459,2.086818614,0.083688853,0.006570978,0.47706149
0.947997286,1.745276404,-0.146403946,-1.447392734,-0.286693141,-2.255077941,0.856903976
-0.416036021,-1.508455625,-1.058765692,-1.912742107,1.281140711,-1.145711283,-0.629453768
-1.361664049,0.615950724,-1.53462679,1.539230964,1.05299316,3.171924076,-0.197720591
-2.492874398,-0.157981498,-0.334329327,0.006579757,1.980171289,-0.876234,-1.677645918
-0.131326073,0.898555289,-0.201875868,0.380187616,-0.06049533,0.913571808,-1.480435237
-0.1299632,2.18662664,0.354131559,1.481335392,0.061591133,-0.093570779,-0.202493409
0.394686288,1.154425631,0.286372374,-1.272273889,-1.112365396,-0.25894506,-3.354847814
-1.567187217,-0.344075267,0.628207379,-0.460487809,0.346501861,0.626697601,1.521171006
0.739140842,0.327177059,0.978714169,1.42760882,-0.562247052,-1.843259273,1.119964514
0.432010432,-0.059578866,-0.131825569,1.667692696,-0.880226512,-0.423062257,-0.009586575
-0.343048419,-0.180939832,-0.111214418,-0.536022412,0.722134873,-0.071972854,-1.777568029
-1.127950445,0.25617943,-0.852915878,0.656608591,2.239933646,-0.833371821,-0.618845217
-0.912373071,-0.257739429,-0.883688826,-0.397471952,-0.783391714,-2.700537463,0.175196657
0.179496369,1.303559593,0.02697725,-1.410545347,0.279670235,0.511854364,-2.100458511
-0.337219023,-0.056829581,-1.553218641,0.854875688,-1.812849088,1.551828826,0.620985729
-2.081214825,0.009604362,-0.366220149,0.167851691,0.086517843,0.387086205,0.2502684
-0.24760682,1.11346942,0.981095493,0.060158118,1.795367313,0.824931168,-1.986813368
0.176436095,-1.196317219,0.240710611,-0.997226313,-0.047987185,-0.387559893,0.093526977
0.234747791,-0.388815805,0.986875657,0.377486816,-0.131273114,0.7455267,0.966909825
-0.941023101,-1.039015772,-0.265408377,-0.223925292,0.048552988,0.728841634,-1.369872712
-0.360607633,-0.441076769,0.77367814,0.425319486,0.575739575,0.408151416,-0.805989344
-0.483829433,-0.437232695,0.124499214,1.589586411,-1.233236759,-0.345147859,1.100613838
0.791318573,0.53121358,1.375959547,-1.032564812,0.323816026,-1.060793357,-1.803331725
-0.765942504,1.260958541,1.141476347,-0.148206538,0.282442442,0.058327571,2.379785149
-0.87602225,1.542117094,-0.581880021,-0.402335678,-1.024217135,-0.433846166,1.635914621
0.237118192,1.341940601,0.951552225,1.155075,0.827189568,0.225782324,-1.224531242
-0.032397738,0.763653316,1.775202083,-0.970635991,1.753015873,-0.890731223,-1.784970124
-0.268492038,-0.57237247,0.684940406,-0.687588901,0.705590486,0.054020951,0.644809687
0.139418568,0.728248777,-0.164871605,-0.498185437,0.881400728,0.250968459,-0.24546815
1.183171508,0.722799153,-1.389136458,1.733360563,0.26470577,-1.341524595,-1.366220196
1.424413515,1.918817441,0.681662228,0.287385428,0.090417998,1.753281739,-0.651066138
0.18373871,1.990405321,0.644623603,-0.063195253,-0.015760874,0.444389504,-0.183659399
-0.178267691,-0.242798012,-0.521916945,-0.45174102,0.328247141,-0.248072385,-0.370806682
0.844638988,0.931279017,0.424802954,-1.07533689,-1.019148412,-0.120549219,-0.800493125
0.352734679,0.452521133,-0.778650721,2.498129729,-0.849478974,1.380050729,1.542682396
-0.456046605,1.126239691,-0.813896073,1.494377338,0.299800195,-1.314268081,0.125990988
1.286021187,0.650046727,-1.443657675,-0.086924977,-0.448578028,1.163846455,0.054833695
1.766646984,0.137681032,-0.729228478,1.172358935,0.582791972,0.06794336,0.005916856
1.512668931,-1.534621589,1.021680938,-0.104013867,0.202095011,-0.788292337,-1.235965616
2.169618473,-0.567526888,-0.317889457,0.998786822,-1.67616061,0.274034105,0.902509469
0.981352419,-0.106783231,-0.267957021,-0.236711433,0.087769221,-1.521233939,-1.456815233
0.660860373,0.838784812,1.912095266,-0.216022355,0.09015098,-0.529642255,-0.556938684
-0.13935484,0.243316077,-0.787349163,-0.830625664,0.38747879,-0.669073218,1.234157414
-1.707937158,-0.185881949,-0.974424412,1.282542153,0.97866535,1.467850382,1.353578358
2.64503821,1.964074511,-2.069428879,0.917615426,1.592625178,1.470809556,-0.835726369
-0.807339346,0.041629991,-1.713568021,-0.234388798,-0.409715393,-1.134795467,0.293508514
0.232209298,0.86741721,-1.383989934,-1.168925769,-0.490698586,1.977757971,-0.4355601
-0.507107466,0.336429373,0.949115,1.766618165,-0.10368223,0.122328145,-1.101419982
-0.028973691,-0.34447503,-1.197850482,0.768383953,0.787473342,-0.071316818,-1.623049508
0.233011492,-1.52363449,0.372189896,-0.19195259,0.463882148,-0.854386552,1.180507369
-2.090846738,0.2854853,1.193715006,0.735132144,-0.064751092,0.470416753,0.057938615
0.525131807,0.945625431,-1.106307466,-0.792731259,-1.432425127,-0.966133125,1.471750526
-1.736292131,-1.096257021,0.952485852,0.875929019,-0.138192674,0.905354329,-1.448194249
0.934300012,0.070484486,-1.518510087,-1.417241388,1.758803038,-0.268733589,-0.782566201
1.130082895,-0.921219164,-0.607912908,0.799409248,0.539030792,0.78747605,0.707605323
0.178622337,0.322656534,0.260055901,-0.235293465,-0.310359758,0.281724313,0.570761238
0.788864079,-0.561718407,0.347879237,1.836410904,2.445157244,1.289523847,-0.810681773
-0.465251366,-0.370087542,-0.732973587,-0.088852932,-0.951711017,1.328954696,1.688811253
-0.043392547,1.252992752,-0.516933354,0.064341996,-0.238076012,0.280415122,-1.328489841
1.07305631,0.135650759,0.522198783,-0.37235494,2.027924398,-0.482597451,-0.39521042
0.315035598,-0.972179125,-0.398970489,0.742380231,1.146491746,-1.486492294,-0.343569473
-1.551512128,1.525736709,0.485998138,1.009361646,0.310136734,0.055071072,2.411941699
-0.8133647,-1.212821514,-2.501025173,0.917107235,1.278835332,-1.854114864,-1.005434671
-1.274654615,-1.229478244,-0.289631913,0.712608978,0.88640599,1.737268689,0.415318768
1.578510118,-0.935141416,-0.22437411,-0.727853748,1.390718196,-0.951461306,-0.610692672
0.503291129,-1.634319224,1.31463255,-0.771292392,0.520265386,1.054237574,-0.416807205
-0.599468825,1.442067141,-0.640667948,0.101998725,-0.950605238,-1.266306375,-0.779502989
1.947004391,-0.378754977,-0.718322859,0.105469732,-1.792043157,-2.160266063,-0.998962162
-1.76246202,-0.750211973,-0.298329055,-1.404561401,1.475676574,0.443797082,0.116343274
3.113253505,-1.274280718,0.067610308,-0.972534459,-0.687326767,0.643029688,0.67063281
0.446496881,0.245917036,-0.024926476,-0.103717744,0.641191445,0.341698386,0.526581602
-0.101799554,-1.520912361,1.277703042,-0.758959275,-1.995579384,-0.889929412,0.788415519
-0.241657769,0.423747237,-0.347411483,-0.685821405,-1.148541104,-0.078231676,0.031442577
1.081451127,-0.583508649,-1.58968106,0.899855474,0.867828224,1.607622697,-0.49098121
-0.25533306,0.734105268,-0.318159981,-0.235051794,2.042808363,-0.456192995,-0.212050151
-0.532404651,-1.243717564,-0.243288433,2.315866849,-0.956856566,0.064548217,-0.521544985
1.399710655,0.60272789,0.396246275,1.630056035,0.96927371,0.553343328,1.024666534
-1.090332106,-1.507182876,1.329520056,0.667543449,1.840891577,-0.867707874,1.426491386
0.152718963,0.231936798,-0.036348423,0.074345665,-0.397503198,-0.653156457,-0.929664056
0.819407663,-1.00190631,-0.49949055,1.323921041,0.310838934,-1.626666473,0.28415486
0.680973836,1.005022192,2.425654533,-0.70709201,-0.790666664,1.064794775,0.27219581
2.013992986,-0.44381805,-0.194235202,0.110068298,-0.679731076,0.343567889,0.264010757
-0.836511245,2.354785331,-1.802385329,-1.309818759,-0.790173567,-0.358268796,-1.852337649
0.302869913,0.568201876,-1.513502173,-1.094126753,0.484236609,-0.431865613,-0.344279119
-0.082870627,0.381471316,-0.332236679,-0.634039566,0.527892809,-0.487062189,0.273264555
0.692843598,0.049859595,-2.88082707,-0.302992589,0.030722465,0.242627281,0.89651379
0.711617391,0.273085688,-0.572875884,-0.729866483,-0.04226928,0.283527175,-0.870884343
-0.324746746,0.572318258,-1.088285149,-1.608692259,1.005790778,-0.249166309,-0.659629422
-0.503387011,0.099845231,-1.985106147,-1.470247911,0.114742703,-1.23818498,0.959553538
-0.729949281,-0.279938152,0.196185394,0.208599681,1.613839259,-0.730800344,-0.439814797
-0.734546838,0.020920342,-0.524800493,0.762608966,0.306133235,-0.848419384,-0.849323122
0.006336087,-0.346733965,-0.787895865,0.620829639,1.318596563,0.062747912,1.193178844
-0.082014234,0.036264011,0.502564632,1.045183714,0.136962395,1.648424957,1.580686186
-1.710047061,0.343827382,1.444508974,-0.25930427,1.380989034,1.702922978,1.179822097
-0.85487497,0.116673382,1.008192811,-1.679171899,-0.318225067,-1.365322053,0.561304157
1.846309382,-0.191856813,-0.765658808,0.836306115,-0.149895596,0.268000002,-1.151311061
-0.435650582,1.376667676,0.12278241,-0.056302453,-0.476310765,-0.331357226,0.176432452
2.06025838,0.448541929,0.806424251,1.65979416,-0.42698665,-0.391744264,-1.026592549
-1.130973346,0.417440186,0.118752545,0.817361736,0.194000409,1.091659521,1.382006422
1.820035478,-0.17320396,-0.247644238,0.064022877,1.595574005,-0.290393017,-1.496635459
0.15755929,-0.799465668,0.289734774,-0.777767047,-1.014259026,0.768340939,0.853196444
-0.462112068,0.430238989,1.01510773,0.996682045,-0.456751683,0.99684295,0.791306948
-0.117753779,0.77227305,-0.506368259,-1.642270845,0.04096385,-1.13671235,1.29994074
-0.83717699,-0.711024886,1.234038034,1.110161862,0.084518232,0.873855835,1.843783546
-0.850844978,0.684032878,0.131216564,0.073697201,0.112106627,1.283033953,-0.417758908
0.988251335,-1.393812855,-0.177110205,-0.545434994,1.105839652,1.052407675,0.480699222
-1.507155428,-1.967249531,-1.132838137,3.570996464,1.185041774,-0.414016953,-0.185672303
-0.802438629,0.813488334,0.577630315,-0.373214202,0.721540362,-0.289946219,1.842339481
0.61813381,0.93686433,0.488875895,-0.343231088,1.223037715,0.699110332,-0.789588745
-2.893440787,0.189758586,1.544357043,-0.872246608,0.558046645,-0.971758807,-0.54093668
-1.643464221,0.321894545,-0.217294315,0.463360061,0.474775658,0.993316867,0.441749923
-0.838508758,-0.933993068,-2.177811397,1.322044765,0.756567132,-0.953264742,-0.68135497
-2.32242149,0.814138032,1.117759143,-0.575000671,0.593468274,-0.495132996,1.024503164
0.205082186,-0.055927135,0.289722915,2.094048835,0.240612267,-1.227874353,-0.526299442
-0.17240928,-1.176780581,0.430072453,0.619708496,-0.458222385,0.298724541,-0.242915043
0.459619888,0.762788673,0.309859812,-1.075450899,-0.845465693,0.19815238,0.786172136
-1.534398708,0.216743043,0.264774424,0.08694601,0.577186157,0.559157172,1.70625084
-1.309695217,0.12248427,0.92208607,0.432507585,1.281767736,0.137152701,-0.595929518
0.930268577,0.149527118,0.35744632,0.992714648,-0.176467506,1.387563005,-0.164530897
-1.425298325,0.895288091,-0.382664804,-1.691606412,1.231156633,0.559346701,0.724198463
0.586166844,-0.719978838,1.167408984,-0.224053181,0.327891017,-0.230907214,-0.53120591
1.644234711,0.543048757,0.500104699,0.002189836,-0.58537511,1.695122284,-1.404817688
0.166178149,-0.455937639,-0.648111095,-1.243658159,-0.136582804,1.674790548,0.979114694
-0.701974254,-1.777076413,-0.36262307,-0.090834321,-0.506964504,0.4639535,-1.629568266
-0.585327432,-0.691667408,-2.571452713,-0.188383334,0.573762028,-0.485596924,0.358033006
-1.755011314,0.614330343,-0.59054799,-0.640139919,0.468887944,0.268978418,0.911144959
-0.203132813,-0.649886613,0.226511812,-0.828128553,2.43277911,1.128374089,-0.600109299
0.717118305,-0.027537415,0.766370976,1.034942766,-0.524953664,-0.526423357,-1.570344436
0.520061704,0.614374856,-0.154052636,1.302270505,0.69383295,-1.039095288,0.176202812
0.771781229,-0.49309744,-0.691265778,-0.697410687,0.110574366,1.540013178,-1.058120827
